<?xml version="1.0" encoding="utf-8"?>
<ajp_menu bg="back.png" box_gap="80" font_size="70" height="950" mode="grid" num_bg="#000000" num_fg="#FCFCFC" picpath="/media/hdd/Emil_Panel/Custom_icons/icons-Emil/" shade="yes" title="Panel Emil (By Ajpanel)" title1_bg="#000000" title1_fg=" " title2_bg="#000000" title2_fg="#FCFCFC" width="1600">

	<item icon="scr.png" info="Open the directory &quot;/usr/script/&quot; in File Manager" name="/Go To Script/">/usr/script</item>
	<submenu bg="#06770077" font_size="70" height="950" icon="panels.png" info="Download And Install Panel" mode="grid" num_bg="#000000" num_fg="#FCFCFC" shade="yes" title="Panels" title1_bg="#000000" title1_fg="#FFFF00" title2_bg="#000000" title2_fg="#FCFCFC" title_bg="#11332233" width="1600">
		<item ask="Install Ajpanel ?" icon="panels.png" name="Ajpanel">wget http://dreambox4u.com/emilnabil237/plugins/ajpanel/installer.sh  -O - | /bin/sh</item>
		<item ask="Install Panels_Emil ?" icon="panels.png" name="Panels_Emil">wget https://raw.githubusercontent.com/emil237/ajpanel/main/update-panel-emil-only.sh -O - | /bin/sh</item>
		<item ask="Install dreamosat-downloader ?" icon="dreamosat.png" name="Dreamosat-Downloader">wget https://dreambox4u.com/emilnabil237/plugins/dreamosat-downloader/installer.sh  -O - | /bin/sh</item>
		<item ask="Install Epanel ?" icon="epanel.png" name="Epanel">wget https://dreambox4u.com/emilnabil237/plugins/epanel/installer.sh  -O - | /bin/sh</item>
		<item ask="Install Levi45 AddonManger ?" icon="levi45addon.png" name="levi45-AddonsManager">wget https://dreambox4u.com/emilnabil237/plugins/levi45-addonsmanager/installer.sh  -O - | /bin/sh</item>
		<item ask="Install Levi45MulticamManager ?" icon="levi45multicam.png" name="levi45-Multicam-Manager">wget https://dreambox4u.com/emilnabil237/plugins/levi45multicammanager/installer.sh -O - | /bin/sh</item>
		<item ask="Install Panel Extra-Feed ?" icon="panelextra.png" name="Panel_Extra_Feed">wget https://dreambox4u.com/emilnabil237/plugins/panel-extra-feed/installer.sh -O - | /bin/sh</item>
		<item ask="Install SatVenusPanel ?" icon="satvenus.png" name="SatvenusPanel">wget https://dreambox4u.com/emilnabil237/plugins/satvenuspanel/installer.sh -O - | /bin/sh</item>
		<item ask="Install Tspanel ?" icon="tspanel.png" name="TsPanel">wget https://dreambox4u.com/emilnabil237/plugins/tspanel/installer.sh -O - | /bin/sh</item>
		<item ask="Install Tvaddon Plugins ?" icon="tvaddon.png" name="TvAddon-Panel">wget https://dreambox4u.com/emilnabil237/plugins/tvaddon/installer.sh -O - | /bin/sh</item>
	</submenu>

	<submenu bg="#06555500" fg="#3EA99F" font_size="35" height="950" icon="channel.png" info=" Download And install Channels And Favorites " mode="grid_4x2" num_bg="#000000" num_fg="#FCFCFC" shade="yes" title="Channels" title1_bg="#000000" title1_fg="#FFFF00" title2_bg="#000000" title2_fg="#FCFCFC" title_bg="#11332233" title_fg="#33550055" width="1600">
		<item ask="Install Channels By Mohamed Goda + Ahmed Shawky ?" icon="channel.png" name="Mohamed Goda +   Ahmed Shawky">wget https://raw.githubusercontent.com/emilnabil/channel-mohamed-goda/main/installer.sh  -O - | /bin/sh</item>
		<item ask="Install Emil Channels ?" icon="channel.png" name="Emil Nabil">wget https://raw.githubusercontent.com/emilnabil/channel-emil-nabil/main/installer.sh -O - | /bin/sh</item>
		<item ask="Install Mohamed Nasr Channels ?" icon="channel.png" name="Mohamed-Nasr">wget https://raw.githubusercontent.com/emilnabil/channel-mnasr/main/installer.sh -O - | /bin/sh</item>
		<item ask="Install Mohamed Os Channels ?" icon="channel.png" name="Mohamed Os">python -c "$(wget --no-check-certificate https://raw.githubusercontent.com/MOHAMED19OS/Enigma2_Store/main/Channel/installer.py -qO -)"</item>
	</submenu>

	<submenu bg="#22003322" fg="#E55B3C" font_size="80" height="950" icon="key.png" mode="grid" num_bg="#000000" num_fg="#FCFCFC" shade="yes" title="Key Plugins" title1_bg="#000000" title1_fg="#FFFF00" title2_bg="#000000" title2_fg="#FCFCFC" title_bg="#11332233" width="1600">
		<item ask="Install BissFeedAutoKey ?" icon="key.png" name="BissFeedAutoKey">wget https://raw.githubusercontent.com/emilnabil/bissfeed-autokey/main/installer.sh  -O - | /bin/sh</item>
		<item ask="Install afeeds Finder ?" icon="key.png" name="feeds-finder">wget https://dreambox4u.com/emilnabil237/plugins/feeds-finder/installer.sh  -O - | /bin/sh</item>
		<item ask="Install KeyAdder ?" icon="key.png" name="keyAdder">wget https://raw.githubusercontent.com/fairbird/KeyAdder/main/installer.sh -O - | /bin/sh</item>
	</submenu>

	<submenu bg="#19184D" font_size="50" height="950" icon="media.png" mode="grid_5x3" num_bg="#000000" num_fg="#FCFCFC" shade="yes" title="Media" title1_bg="#000000" title1_fg="#FFFF00" title2_bg="#000000" title2_fg="#FCFCFC" title_bg="#11332233" width="1600">
		<item ask="Install BouquetMakerXtream ?" icon="BouquetMakerXtream.png" name="BouquetMakerXtream">wget -q "--no-check-certificate" http://dreambox4u.com/emilnabil237/plugins/BouquetMakerXtream/installer.sh -O - | /bin/sh</item>
		<item ask="Install IptoSat ?" icon="iptosat.png" name="IptoSat">wget https://dreambox4u.com/emilnabil237/plugins/iptosat/installer.sh  -O - | /bin/sh</item>
		<item ask="Install Ipaudio ?" icon="ipaudio.png" name="IpAudio_6.7">wget https://dreambox4u.com/emilnabil237/plugins/ipaudio/installer.sh -O - | /bin/sh</item>
		<item ask="Install Ipaudio ?" icon="ipaudio.png" name="IpAudio_7.4">wget https://dreambox4u.com/emilnabil237/plugins/ipaudio/ipaudio-7.4-ffmpeg.sh -O - | /bin/sh</item>
		<item ask="Install ipaudiopro ?" icon="ipaudiopro.png" info="py3.9-py3.11-py3.12" name="IpAudioPro-1.1">wget https://dreambox4u.com/emilnabil237/plugins/ipaudiopro/installer.sh  -O - | /bin/sh</item>
		<item ask="Install Jediepgextream ?" icon="JediEPGXtream.png" name="JediEpgExtream">wget https://dreambox4u.com/emilnabil237/plugins/jediepgextream/installer.sh  -O - | /bin/sh</item>
		<item ask=" Install jedimakerxtream ?" icon="JediMakerXtream.png" name="JediMakerXtream">wget https://dreambox4u.com/emilnabil237/plugins/jedimakerxtream/installer.sh  -O - | /bin/sh</item>
		<item ask="insall multistalker ?" icon="multistalker.png" name="Multistalker">wget https://dreambox4u.com/emilnabil237/plugins/multistalker/installer.sh -O - | /bin/sh</item>
		<item ask="Instaal MultiStalkerPro ?" icon="multistalkerpro.png" name="MultistalkerPro">wget https://raw.githubusercontent.com/emilnabil/multi-stalkerpro/main/installer.sh -O - | /bin/sh</item>
		<item ask="" icon="media.png" info="&#1571;&#1605;&#1585; &#1575;&#1604;&#1585;&#1601;&#1593; &#1605;&#1606; &#1593;&#1583;&#1583; &#1575;&#1604;&#1576;&#1608;&#1585;&#1591;&#1575;&#1604;&#1575;&#1578; 150" name="Portal-150">wget https://dreambox4u.com/emilnabil237/script/Increasing-the-number-of-portals-150.sh -O - | /bin/sh</item>
		<item ask="" icon="media.png" info="&#1571;&#1605;&#1585; &#1575;&#1604;&#1585;&#1601;&#1593; &#1605;&#1606; &#1593;&#1583;&#1583; &#1575;&#1604;&#1576;&#1608;&#1585;&#1591;&#1575;&#1604;&#1575;&#1578; 200" name="Portal-200">wget https://dreambox4u.com/emilnabil237/script/Increasing-the-number-of-portals-200.sh -O - | /bin/sh</item>
		<item ask="" icon="media.png" info="&#1578;&#1607;&#1610;&#1574;&#1577; &#1575;&#1604;&#1576;&#1604;&#1580;&#1606; &#1605;&#1575;&#1604;&#1578;&#1610; &#1587;&#1578;&#1575;&#1604;&#1603;&#1585;" name="Configure the Multistalker plugin">wget https://dreambox4u.com/emilnabil237/script/Configure-the-Multistalker-plugin.sh -O - | /bin/sh</item>
		<item ask="Insall Quarter pounder ?" icon="quarterpounder.png" name="QuarterPounder">wget http://dreambox4u.com/emilnabil237/script/quarterpounder.sh -O - | /bin/sh</item>
		<item ask="Insall Suptv ?" icon="suptv.png" name="Suptv">wget https://raw.githubusercontent.com/emil237/suptv/main/installer.sh -O - | /bin/sh</item>
		<item ask="Install Xtreamty ?" icon="xtreamty.png" name="Xtreamity">wget https://dreambox4u.com/emilnabil237/plugins/xtreamity/installer.sh -O - | /bin/sh</item>
		<item ask="Install Xcpluginforever ?" icon="xc.png" name="Xcpluginforever">wget https://dreambox4u.com/emilnabil237/plugins/xcplugin/installer.sh -O - | /bin/sh</item>
	</submenu>

	<submenu bg="#423C3D" fg="#FFFF00" font_size="50" height="950" icon="free.png" mode="grid" num_bg="#000000" num_fg="#FCFCFC" shade="yes" title="Free" title1_bg="#000000" title1_fg="#40E0D0" title2_bg="#000000" title2_fg="#FCFCFC" title_bg="#11332233" width="1600">
		<item ask="" icon="free.png" name="free-ipaudio">wget https://dreambox4u.com/emilnabil237/script/audio-ipaudio.sh  -O - | /bin/sh</item>
		<item ask="" icon="free.png" name="free-ipaudiopro">wget https://dreambox4u.com/emilnabil237/script/audio-ipaudiopro.sh -O - | /bin/sh</item>
		<item ask="Download Portal-100mag ?" icon="media.png" 
		info="MultiStalker"
		name="Portal-100mag">wget -qO $HOME/stalker.conf https://dreambox4u.com/emilnabil237/plugins/multistalker/stalker.conf</item>
		<item ask="Download Portals-MultiStalkerPro ?" icon="media.png" 
		info="MultiStalkerPro"
		name="Portals-MultiStalkerPro">wget -qO /etc/enigma2/MultiStalkerPro.json https://dreambox4u.com/emilnabil237/plugins/MultiStalkerPro/MultiStalkerPro.json</item>
	</submenu>

	<submenu bg="#423C3D" fg="#FFFF00" font_size="50" height="950" icon="multiboot.png" mode="grid" num_bg="#000000" num_fg="#FCFCFC" shade="yes" title="Multiboot Plugins" title1_bg="#000000" title1_fg="#40E0D0" title2_bg="#000000" title2_fg="#FCFCFC" title_bg="#11332233" width="1600">
		<item ask="Install Neoboot_v9.65 ?" icon="neoboot.png" name="Neoboot_9.65">wget https://dreambox4u.com/emilnabil237/plugins/neoboot-v9.65/iNB.sh  -O - | /bin/sh</item>
		<item ask="Install Neoboot_v9.60 ?" icon="neoboot.png" name="Neoboot_9.60">wget https://dreambox4u.com/emilnabil237/plugins/neoboot-v9.60/iNB.sh  -O - | /bin/sh</item>
		<item ask="Install Neoboot_v9.58 ?" icon="neoboot.png" name="Neoboot_9.58">wget https://dreambox4u.com/emilnabil237/plugins/neoboot-v9.58/iNB.sh -O - | /bin/sh</item>
		<item ask="Install Neoboot_v9.54 ?" icon="neoboot.png" name="Neoboot_9.54">wget https://raw.githubusercontent.com/emil237/neoboot_9.54/main/installer.sh  -O - | /bin/sh</item>
		<item ask="Install OpenMultiboot_1.3 ?" icon="openmultiboot.png" name="OpenMultiboot_1.3">wget https://raw.githubusercontent.com/emil237/openmultiboot/main/installer.sh  -O - | /bin/sh</item>
		<item ask="Install OpenMultiboot Eturk_1.3 ?" icon="openmultiboot.png" name="OpenMultiboot-E2turk-1.3">wget https://raw.githubusercontent.com/e2TURK/omb-enhanced/main/install.sh  -O - | /bin/sh</item>
		<item ask="Install Flashonline ?" icon="flash-online.png" name="Multiboot-FlashOnline">wget https://raw.githubusercontent.com/emil237/download-plugins/main/multiboot-flashonline.sh -O - | /bin/sh</item>
	</submenu>

	<submenu bg="#22440033" font_size="30" height="950" icon="plugins.png" info=" Download And install Plugins " mode="grid" num_bg="#000000" num_fg="#FCFCFC" shade="yes" title="Plugins" title1_bg="#000000" title1_fg="#FFD700" title2_bg="#000000" title2_fg="#FCFCFC" title_bg="#11332233" width="1600">
		<item ask="Install ArabicSavior ?" icon="arabicsavior.png" name="Arabicsavior">wget http://dreambox4u.com/emilnabil237/plugins/ArabicSavior/installer.sh  -O - | /bin/sh</item>
		<item ask="install Alajre_1.2 ?" icon="Alajre.png" name="Alajre_1.2">wget https://dreambox4u.com/emilnabil237/plugins/alajre/installer.sh -qO - | /bin/sh</item>
		<item ask="yes" icon="ansite.png" name="Ansite">wget https://raw.githubusercontent.com/MOHAMED19OS/Download/main/Ansite/installer.sh -qO - | /bin/sh</item>
		<item ask="yes" icon="ath.png" name="Athan Times">wget https://dreambox4u.com/emilnabil237/plugins/athantimes/installer.sh -qO - | /bin/sh</item>
		<item ask="Install Atilehd ?" icon="atilehd.png" name="Atilehd">wget https://dreambox4u.com/emilnabil237/plugins/atilehd/installer.sh  -O - | /bin/sh</item>
		<item ask="Install Azkar Almuslim ?" icon="azkar.png" name="Azkar Almuslim">wget https://dreambox4u.com/emilnabil237/plugins/azkar-almuslim/installer.sh  -O - | /bin/sh</item>
		<item ask="Install CFG_ZOOM_FINAL ?" icon="cfg-zoom.png" name="CFG_ZOOM_FINAL Py2">wget https://dreambox4u.com/emilnabil237/plugins/cfg_Zoom_Final_FIX7x/installer.sh  -O - | /bin/sh</item>
		<item ask="Install CrashLogoViewer ?" icon="crash.png" name="CrashLogViewer">wget https://dreambox4u.com/emilnabil237/plugins/crashlogviewer/install-CrashLogViewer.sh -O - | /bin/sh</item>
		<item ask="Install CrondManger ?" icon="crondmanager.png" name="CronManager">wget https://github.com/emil237/download-plugins/raw/main/cronmanager.sh  -O - | /bin/sh</item>
		<item ask="Install E2plyer" icon="e2player.png" name="E2Player-Tsplayer">wget https://gitlab.com/MOHAMED_OS/e2iplayer/-/raw/main/install-e2iplayer.sh?inline=false  -O - | /bin/sh</item>
		<item ask="Install Epg Grabber ?" icon="grabber.png" name="Epg Grabber">wget https://raw.githubusercontent.com/ziko-ZR1/Epg-plugin/master/Download/installer.sh  -O - | /bin/sh</item>
		<item ask="Install Footonsat ?" icon="footonsat.png" name="FootOnsat">wget https://dreambox4u.com/emilnabil237/plugins/FootOnsat/installer.sh -O - | /bin/sh</item>
		<item ask="yes" icon="freecccam.png" name="FreeCCcamServer Plugin">wget https://ia803104.us.archive.org/0/items/freecccamserver/installer.sh -O - | /bin/sh</item>
		<item ask="yes" icon="hasbahca.png" name="HasBahCa">wget https://dreambox4u.com/emilnabil237/plugins/HasBahCa/installer.sh -O - | /bin/sh</item>
		<item ask="yes" icon="historyzapselector.png" name="HistoryZapSelector">wget https://dreambox4u.com/emilnabil237/plugins/historyzap/installer.sh -O - | /bin/sh</item>
		<item ask="Install plugin MyCam ?" icon="mycam.png" name="MyCam-Plugin">wget https://dreambox4u.com/emilnabil237/plugins/mycam/installer.sh -O - | /bin/sh</item>
		<item ask="Install NewVirtualkeyBoard ?" icon="keyboard.png" name="NewVirtualKeyBoard">wget https://raw.githubusercontent.com/fairbird/NewVirtualKeyBoard/main/installer.sh -O - | /bin/sh</item>
		<item ask="Install Ozeta-Skins-Setup-2.8 ?" icon="ozeta.png" name="Ozeta-Skins-Setup-2.8">wget https://raw.githubusercontent.com/emil237/skins-enigma2/main/PLUGIN_Skin-ozeta.sh -O - | /bin/sh</item>
		<item ask="Install Quran ?" icon="quran.png" name="Quran-karem">wget https://dreambox4u.com/emilnabil237/plugins/quran/installer.sh -O - | /bin/sh</item>
		<item ask="Install RaedQuickSignal ?" icon="RaedQuickSignal.png" name="Raedquicksignal">wget https://raw.githubusercontent.com/fairbird/RaedQuickSignal/main/installer.sh -O - | /bin/sh</item>
		<item ask="Install sherlockmod ?" icon="sherlockmod.png" name="Sherlockmod">wget https://raw.githubusercontent.com/emil237/sherlockmod/main/installer.sh -O - | /bin/sh</item>
		<item ask="Install SubsSupport_1.5.8-r9 ?" icon="subssupport.png" name="SubsSupport_1.5.8-r9">wget https://dreambox4u.com/emilnabil237/plugins/SubsSupport/installer1.sh -O - | /bin/sh</item>
		<item ask="Install SubsSupport_1.7.0-r3 ?" icon="subssupport.png" name="SubsSupport_1.7.0-r3">wget https://dreambox4u.com/emilnabil237/plugins/SubsSupport/installer.sh -O - | /bin/sh</item>
		<item ask=" Install TheWeather ?" icon="theweather.png" name="TheWeather">wget https://dreambox4u.com/emilnabil237/plugins/TheWeather/installer.sh  -O - | /bin/sh</item>
		<item ask=" Install uninstaller-Plugins ?" icon="uninstaller.png" name="uninstaller-Plugins">wget http://dreambox4u.com/emilnabil237/plugins/unstaller-plugins/installer.sh  -O - | /bin/sh</item>
		<item ask="Install xtraevent_3.3 ?" icon="xtraevent.png" name="Xtraevent_3.3">opkg install curl
curl -kLs https://raw.githubusercontent.com/emil237/download-plugins/main/xtraevent_3.3.sh|sh</item>
		<item ask="Install xtraevent_4.2 ?" icon="xtraevent.png" name="Xtraevent_4.2">opkg install curl
curl -kLs https://raw.githubusercontent.com/emil237/download-plugins/main/xtraEvent_4.2.sh|sh
</item>
		<item ask="Install xtraevent_4.5 ?" icon="xtraevent.png" name="Xtraevent_4.5">opkg install curl
curl -kLs https://raw.githubusercontent.com/emil237/download-plugins/main/xtraEvent_4.5.sh|sh</item>
		<item ask="Install xtraevent ?" icon="xtraevent.png" name="Xtraevent_4.6">sh -c "$(wget -O- https://github.com/emil237/download-plugins/raw/main/Xtraevent-v4.6.sh)"</item>
		<item ask="Install xtraevent_5.2 ?" icon="xtraevent.png" name="Xtraevent_5.2">opkg install curl
curl -kLs https://raw.githubusercontent.com/emil237/download-plugins/main/xtraEvent_5.2.sh|sh</item>
		<item ask="Install xtraevent_5.3 ?" icon="xtraevent.png" name="Xtraevent_5.3">opkg install curl
curl -kLs https://raw.githubusercontent.com/emil237/download-plugins/main/xtraEvent_5.3.sh|sh</item>
		<item ask=" Install YouTube ?" icon="youtube.png" name="YouTube">wget https://dreambox4u.com/emilnabil237/plugins/YouTube/installer.sh  -O - | /bin/sh</item>
		<item ask=" Install zoom_1.1.2-py3 ?" icon="zoom.png" name="Zoom_1.1.2-Py3">wget https://dreambox4u.com/emilnabil237/plugins/zoom/installer.sh  -O - | /bin/sh</item>
	</submenu>

	<submenu bg="#000000" font_size="30" height="950" icon="symlink.png" mode="grid" num_bg="#000000" num_fg="#FCFCFC" shade="yes" title="SymLink" title1_bg="#000000" title1_fg="#FFFFFF" title2_bg="#000000" title2_fg="#FCFCFC" title_bg="#FF0000" width="1600">
		<item icon="symlink.png" name="SymLink picon from hdd">ln -sf /media/hdd/picon /usr/share/enigma2/picon</item>
		<item icon="symlink.png" name="SymLink picon from Usb">ln -sf /media/usb/picon /usr/share/enigma2/picon</item>
		<item icon="symlink.png" name="SymLink piconCrypt from hdd">ln -sf /media/hdd/piconCrypt /usr/share/enigma2/piconCrypt</item>
		<item icon="symlink.png" name="SymLink piconCrypt from Usb">ln -sf /media/usb/piconCrypt /usr/share/enigma2/piconCrypt</item>
		<item icon="symlink.png" name="SymLink piconProv from hdd">ln -sf /media/hdd/piconProv /usr/share/enigma2/piconProv</item>
		<item icon="symlink.png" name="SymLink piconProv from Usb">ln -sf /media/usb/piconProv /usr/share/enigma2/piconProv</item>
		<item icon="symlink.png" name="SymLink piconSat from hdd">ln -sf /media/hdd/piconSat /usr/share/enigma2/piconSat</item>
		<item icon="symlink.png" name="SymLink piconSat from Usb">ln -sf /media/usb/piconSat /usr/share/enigma2/piconSat</item>
		<item icon="symlink.png" name="SymLink emu from hdd">ln -sf /media/hdd/emu /usr/share/enigma2/emu</item>
		<item icon="symlink.png" name="SymLink emu from Usb">ln -sf /media/usb/emu /usr/share/enigma2/emu</item>
	</submenu>

	<submenu font_size="30" height="950" icon="tools.png" mode="grid" num_bg="#000000" num_fg="#FCFCFC" shade="yes" title="Tools Feed" title1_bg="#000000" title1_fg="#FFFF00" title2_bg="#000000" title2_fg="#FCFCFC" title_bg="#11332233" width="1600">
		<item ask="Install CAM-abertis-astra-sm ?" icon="tools.png" name="CAM-abertis-astra-sm">wget https://dreambox4u.com/emilnabil237/script/CAM-abertis-astra.sh  -O - | /bin/sh</item>
		<item ask="Install Feed Emil Nabil ?" icon="tools.png" name="Feed Emil Nabil">wget http://dreambox4u.com/emilnabil237/script/FEED-emil-feed.sh  -O - | /bin/sh</item>
		<item ask="Install FIX-ipk-package-installation ?" icon="tools.png" name="FIX-ipk-Package-Installation">wget https://dreambox4u.com/emilnabil237/script/fix-ipk-package-installation.sh -O - | /bin/sh</item>
		<item ask="Install Fix Softcam Atv ?" icon="tools.png" name="Fix Softcam Atv">sh -c "$(wget --no-check-certificate http://updates.mynonpublic.com/oea/feed -qO -)"</item>
		<item ask="Install Fix Softcam OpenPli ?" icon="tools.png" name="Fix Softcam OpenPli">curl -kLs https://raw.githubusercontent.com/emil237/download-plugins/main/softcam-support-pli.sh|sh</item>
		<item ask="Update Enigma2 All Python ?" icon="tools.png" name="UPDATE ENIGMA2 ALL PYTHON">wget https://raw.githubusercontent.com/emil237/updates-enigma/main/update-all-python.sh  -O - | /bin/sh</item>
		<item ask="Install Feed OpenPicons ?" icon="tools.png" info="(Picons-Feed snp-srp)" name="Feed-Openpicons">wget -q "--no-check-certificate" https://dreambox4u.com/emilnabil237/script/openpicons-feed.sh -O - | /bin/sh</item>
		<item ask="" icon="tools.png" name="service app">opkg install enigma2-plugin-systemplugins-serviceapp</item>
		<item ask="" icon="tools.png" name="xml update">opkg install enigma2-plugin-systemplugins-xmlupdate</item>
		<item ask="" icon="tools.png" name="wirelesslan">opkg install enigma2-plugin-systemplugins-wirelesslan</item>
		<item ask="" icon="tools.png" name="bitrate">opkg install enigma2-plugin-extensions-bitrate</item>
		<item ask="install epgimport ?" icon="tools.png" name="epgimport">opkg install enigma2-plugin-extensions-epgimport</item>
		<item ask="" icon="tools.png" name="imdb">opkg install enigma2-plugin-extensions-imdb</item>
		<item ask="" icon="tools.png" name="oaweather">opkg install enigma2-plugin-extensions-oaweather</item>
		<item ask="" icon="tools.png" name="permanentclock">opkg install enigma2-plugin-extensions-permanentclock</item>
		<item ask="" icon="tools.png" name="subssupport-from-feed">opkg install enigma2-plugin-extensions-subssupport</item>
		<item ask="Install WeatherPlugin" icon="tools.png" name="weatherplugin">opkg install enigma2-plugin-extensions-weatherplugin</item>
	</submenu>

	<submenu bg="chb.jpg" font_size="50" height="950" icon="picon.png" mode="grid_4x3" num_bg="#000000" num_fg="#FCFCFC" shade="yes" title="picons" title1_bg="#000000" title1_fg="#FFFF00" title2_bg="#000000" title2_fg="#FCFCFC" title_bg="#11332233" width="1600">
		<submenu font_size="30" height="950" icon="picon-o.png" mode="grid_4x3" num_bg="#000000" num_fg="#FCFCFC" shade="yes" title="Picons West" title1_bg="#000000" title1_fg="#FFFF00" title2_bg="#000000" title2_fg="#FCFCFC" title_bg="#11332233" width="1600">
			<item ask="" icon="picon-y.png" name="intelsat_31.5w">wget https://dreambox4u.com/emilnabil237/picons/intelsat_31.5w/installer.sh -O - | /bin/sh</item>
			<item ask="" icon="picon-b.png" name="hispasat_30.0w">wget https://dreambox4u.com/emilnabil237/picons/hispasat_30.0w/installer.sh -O - | /bin/sh</item>
			<item ask="" icon="picon-g.png" name="intelsat_27.5w">wget https://dreambox4u.com/emilnabil237/picons/intelsat_27.5w/installer.sh -O - | /bin/sh</item>
			<item ask="" icon="picon-p.png" name="intelsat_24.5w">wget https://dreambox4u.com/emilnabil237/picons/intelsat_24.5w/installer.sh -O - | /bin/sh</item>
			<item ask="" icon="picon-r.png" name="ses4_22.0w">wget https://dreambox4u.com/emilnabil237/picons/ses4_22.0w/installer.sh -O - | /bin/sh</item>
			<item ask="" icon="picon-t.png" name="nss7_20.0w">wget https://dreambox4u.com/emilnabil237/picons/nss7_20.0w/installer.sh -O - | /bin/sh</item>
			<item ask="" icon="picon-y.png" name="telstar_15.0w">wget https://dreambox4u.com/emilnabil237/picons/telstar_15.0w/installer.sh -O - | /bin/sh</item>
			<item ask="" icon="picon-g.png" name="express_14w">wget https://dreambox4u.com/emilnabil237/picons/express_14w/installer.sh -O - | /bin/sh</item>
			<item ask="" icon="picon-b.png" name="express_11.0w-14.0w">wget https://dreambox4u.com/emilnabil237/picons/express_11.0w-14.0w/installer.sh -O - | /bin/sh</item>
			<item ask="" icon="picon-g.png" name="Nilesat_7W+8W">wget https://dreambox4u.com/emilnabil237/picons/nilesat/installer.sh -O - | /bin/sh</item>
			<item ask="" icon="picon-p.png" name="eutelsat_5.0w">wget https://dreambox4u.com/emilnabil237/picons/eutelsat_5.0w/installer.sh -O - | /bin/sh</item>
			<item ask="" icon="picon-r.png" name="Amos_4.0W">wget https://dreambox4u.com/emilnabil237/picons/amos_4.0w/installer.sh -O - | /bin/sh</item>
			<item ask="" icon="picon-t.png" name="abs_3.0w">wget https://dreambox4u.com/emilnabil237/picons/abs_3.0w/installer.sh -O - | /bin/sh</item>
			<item ask="" icon="picon-y.png" name="thor_0.8w">wget https://dreambox4u.com/emilnabil237/picons/thor_0.8w/installer.sh -O - | /bin/sh</item>
		</submenu>

		<submenu font_size="30" height="950" icon="picon-g.png" mode="grid_4x3" num_bg="#000000" num_fg="#FCFCFC" shade="yes" title="Picons East" title1_bg="#000000" title1_fg="#FFFF00" title2_bg="#000000" title2_fg="#FCFCFC" title_bg="#11332233" width="1600">
			<item ask="Install picons bulgariasat_1.9e ?" icon="picon-t.png" name="bulgariasat_1.9e">wget https://dreambox4u.com/emilnabil237/picons/bulgariasat_1.9e/installer.sh -O - | /bin/sh</item>
			<item ask="" icon="picon-g.png" name="eutelsat_3.0e">wget https://dreambox4u.com/emilnabil237/picons/eutelsat_3.0e/installer.sh -O - | /bin/sh</item>
			<item ask="Install picons astra_4.8e ?" icon="picon-p.png" name="astra_4.8e">wget https://dreambox4u.com/emilnabil237/picons/astra_4.8e/installer.sh -O - | /bin/sh</item>
			<item ask="install picon eutelsat_7.0e ?" icon="picon-y.png" name="eutelsat_7.0e">wget https://dreambox4u.com/emilnabil237/picons/eutelsat_7.0e/installer.sh -O - | /bin/sh</item>
			<item ask="install picon eutelsat_9.0e ?" icon="picon-b.png" name="eutelsat_9.0e">wget https://dreambox4u.com/emilnabil237/picons/eutelsat_9.0e/installer.sh -O - | /bin/sh</item>
			<item ask="install picon eutelsat_10.0e ?" icon="picon-t.png" name="eutelsat_10.0e">wget https://dreambox4u.com/emilnabil237/picons/eutelsat_10.0e/installer.sh -O - | /bin/sh</item>
			<item ask="install picon hotbird_13.0e ?" icon="picon-r.png" name="hotbird_13.0e">wget https://dreambox4u.com/emilnabil237/picons/hotbird_13.0e/installer.sh -O - | /bin/sh</item>
			<item ask="install picon eutelsat_16.0e ?" icon="picon-g.png" name="eutelsat_16.0e">wget https://dreambox4u.com/emilnabil237/picons/eutelsat_16.0e/installer.sh -O - | /bin/sh</item>
			<item ask="install picon astra_19.2e ?" icon="picon-g.png" name="astra_19.2e">wget https://dreambox4u.com/emilnabil237/picons/astra_19.2e/installer.sh -O - | /bin/sh</item>
			<item ask="install picon eutelsat_21.6e ?" icon="picon-y.png" name="eutelsat_21.6e">wget https://dreambox4u.com/emilnabil237/picons/eutelsat_21.6e/installer.sh -O - | /bin/sh</item>
			<item ask="install astra_23.5e ?" icon="picon-b.png" name="astra_23.5e">wget https://dreambox4u.com/emilnabil237/picons/astra_23.5e/installer.sh -O - | /bin/sh</item>
			<item ask="install picon eshail_25.5e ?" icon="picon-t.png" name="eshail_25.5e">wget https://dreambox4u.com/emilnabil237/picons/eshail_25.5e/installer.sh -O - | /bin/sh</item>
			<item ask="install picon badr_26.0e ?" icon="picon-r.png" name="badr_26.0e">wget https://dreambox4u.com/emilnabil237/picons/badr_26.0e/installer.sh -O - | /bin/sh</item>
			<item ask="install picon astra_28.2e ?" icon="picon-t.png" name="astra_28.2e">wget https://dreambox4u.com/emilnabil237/picons/astra_28.2e/installer.sh -O - | /bin/sh</item>
			<item ask="install picon arabsat_30.5e ?" icon="picon-g.png" name="arabsat_30.5e">wget https://dreambox4u.com/emilnabil237/picons/arabsat_30.5e/installer.sh -O - | /bin/sh</item>
			<item ask="install picon astra_31.5e ?" icon="picon-y.png" name="astra_31.5e">wget https://dreambox4u.com/emilnabil237/picons/astra_31.5e/installer.sh -O - | /bin/sh</item>
			<item ask="install picon eutelsat-intelsat_33.0e ?" icon="picon-t.png" name="eutelsat-intelsat_33.0e">wget https://dreambox4u.com/emilnabil237/picons/eutelsat-intelsat_33.0e/installer.sh -O - | /bin/sh</item>
			<item ask="install picon eutelsat_36.0e ?" icon="picon-r.png" name="eutelsat_36.0e">wget https://dreambox4u.com/emilnabil237/picons/eutelsat_36.0e/installer.sh -O - | /bin/sh</item>
			<item ask="install picon hellas-sat_39.0e ?" icon="picon-y.png" name="hellas-sat_39.0e">wget https://dreambox4u.com/emilnabil237/picons/hellas-sat_39.0e/installer.sh -O - | /bin/sh</item>
			<item ask="install picon turksat_42.0e ?" icon="picon-p.png" name="turksat_42.0e">wget https://dreambox4u.com/emilnabil237/picons/turksat_42.0e/installer.sh -O - | /bin/sh</item>
			<item ask="install picon azerspace_45.0e ?" icon="picon-b.png" name="azerspace_45.0e">wget https://dreambox4u.com/emilnabil237/picons/azerspace_45.0e/installer.sh -O - | /bin/sh</item>
			<item ask="install picon azerspace_46.0e ?" icon="picon-g.png" name="azerspace_46.0e">wget https://dreambox4u.com/emilnabil237/picons/azerspace_46.0e/installer.sh -O - | /bin/sh</item>
			<item ask="install picon turksat_50.0e_56.0e_57e ?" icon="picon-p.png" name="turksat_50.0e_56.0e_57e">wget https://dreambox4u.com/emilnabil237/picons/turksat_50.0e_56.0e_57e/installer.sh -O - | /bin/sh</item>
			<item ask="install picon belintersat_51.5e ?" icon="picon-t.png" name="belintersat_51.5e">wget https://dreambox4u.com/emilnabil237/picons/belintersat_51.5e/installer.sh -O - | /bin/sh</item>
			<item ask="install picon turkmenalem_52.0e ?" icon="picon-p.png" name="turkmenalem_52.0e">wget https://dreambox4u.com/emilnabil237/picons/turkmenalem_52.0e/installer.sh -O - | /bin/sh</item>
			<item ask="install picon alyahsat_52.5e ?" icon="picon-b.png" name="alyahsat_52.5e">wget https://dreambox4u.com/emilnabil237/picons/alyahsat_52.5e/installer.sh -O - | /bin/sh</item>
			<item ask="install picon express_53.0e ?" icon="picon-g.png" name="express_53.0e">wget https://dreambox4u.com/emilnabil237/picons/express_53.0e/installer.sh -O - | /bin/sh</item>
			<item ask="install picon gsat-yamal_54.9e ?" icon="picon-y.png" name="gsat-yamal_54.9e">wget https://dreambox4u.com/emilnabil237/picons/gsat-yamal_54.9e/installer.sh -O - | /bin/sh</item>
			<item ask="install picon intelsat_60.0e_66.0e_68.0e ?" icon="picon-t.png" name="intelsat_60.0e_66.0e_68.0e">wget https://dreambox4u.com/emilnabil237/picons/intelsat_60.0e_66.0e_68.0e/installer.sh -O - | /bin/sh</item>
			<item ask="install picon intelsat_62.0e ?" icon="picon-y.png" name="intelsat_62.0e">wget https://dreambox4u.com/emilnabil237/picons/intelsat_62.0e/installer.sh -O - | /bin/sh</item>
			<item ask="install picon eutelsat_70.0e_74.9e_75.0e ?" icon="picon-r.png" name="eutelsat_70.0e_74.9e_75.0e">wget https://dreambox4u.com/emilnabil237/picons/eutelsat_70.0e_74.9e_75.0e/installer.sh -O - | /bin/sh</item>
			<item ask="install picon Intelsat_72.1e ?" icon="picon-p.png" name="Intelsat_72.1e">wget https://dreambox4u.com/emilnabil237/picons/Intelsat_72.1e/installer.sh -O - | /bin/sh</item>
			<item ask="install picon abs_75.0e ?" icon="picon-g.png" name="abs_75.0e">wget https://dreambox4u.com/emilnabil237/picons/abs_75.0e/installer.sh -O - | /bin/sh</item>
		</submenu>

		<item ask="Install Chochlousek Picon ?" icon="chocholousekpicons.png" name="Chocholousek-Picons">sh -c "$(wget --no-check-certificate https://github.com/s3n0/e2plugins/raw/master/ChocholousekPicons/online-setup -qO -)</item>
		<item ask="" icon="picon-other.png" name="picons-other">wget https://raw.githubusercontent.com/emil237/picon-other/main/installer.sh -O - | /bin/sh</item>
	</submenu>

	<submenu fg="#CCFB5D" font_size="50" height="950" icon="skins.png" mode="grid_4x3" num_bg="#000000" num_fg="#FCFCFC" shade="yes" title="Skins" title1_bg="#000000" title1_fg="#FFFF00" title2_bg="#000000" title2_fg="#FCFCFC" title_bg="#11332233" width="1600">
		<submenu fg="#CCFB5D" font_size="50" height="950" icon="nitro.png" mode="grid_4x3" num_bg="#000000" num_fg="#FCFCFC" shade="yes" title="TeamNitro Skins" title1_bg="#000000" title1_fg="#FFFF00" title2_bg="#000000" title2_fg="#FCFCFC" title_bg="#11332233" width="1600">
			<item ask="Install Plugin TeamNitro ?" icon="nitro.png" name="TeamNitro Control Center">wget https://gitlab.com/emilnabil1/teamnitro/-/raw/main/SKIN-teamnitro.sh  -O - | /bin/sh</item>
			<item ask="Install Skin Desert ?" icon="skins.png" name="Desert skin">wget https://gitlab.com/emilnabil1/teamnitro/-/raw/main/installer-skin-desert.sh -O - | /bin/sh</item>
			<item ask="Install Skin Bohlala ?" icon="skins.png" name="BoHLALA skin">wget https://gitlab.com/emilnabil1/teamnitro/-/raw/main/installer.sh -O - | /bin/sh</item>
			<item ask="Install Skin Dragon ?" icon="skins.png" name="Dragon skin">wget https://raw.githubusercontent.com/biko-73/TeamNitro/main/script/installerD.sh  -O - | /bin/sh</item>
			<item ask="Install Skin NitroAdvance ?" icon="skins.png" name="NitroAdvance skin">wget https://raw.githubusercontent.com/biko-73/TeamNitro/main/script/installerN.sh  -O - | /bin/sh</item>
			<item ask="Install Skin Kill Pro ?" icon="skins.png" name="Klll Pro">wget https://raw.githubusercontent.com/biko-73/zelda77/main/installer.sh -O - | /bin/sh</item>
		</submenu>

		<submenu fg="#CCFB5D" font_size="50" height="950" icon="atv.png" mode="grid" num_bg="#000000" num_fg="#FCFCFC" shade="yes" title="Skins Atv" title1_bg="#000000" title1_fg="#FFFF00" title2_bg="#000000" title2_fg="#FCFCFC" title_bg="#11332233" width="1600">
			<item ask="Install Full HD Glass17 ?" icon="skins.png" name="Full HD Glass17">wget https://dreambox4u.com/emilnabil237/skins/openatv/skin-fullhdglass17.sh -O - | /bin/sh"</item>
			<item ask="Install Metrixfhd-neo_V.7s_v2_mod-by-biko_X_py3.12 ?" icon="skins.png" name="Metrixfhd-neo_V.7s_v2_mod-by-biko_X_py3.12">curl -kLs https://dreambox4u.com/emilnabil237/skins/openatv/metrixfhd-neo_V.7s_v2_mod-by-biko_X_py3.12.sh|sh</item>
			<item ask="Install MX-GravityAir_xtraevent_py3.12 ?" icon="skins.png" name="MX-GravityAir_xtraevent_py3.12">curl -kLs https://dreambox4u.com/emilnabil237/skins/openatv/MX-GravityAir-Atv_xtraevent_py3.12.sh|sh</item>
			<item ask="Install MyMetrixLiteBackup ?" icon="skins.png" name="MyMetrixLiteBackup-by-Mohd">wget -O /etc/enigma2/MyMetrixLiteBackup.dat "https://raw.githubusercontent.com/emil237/skins-enigma2/main/ATV/MyMetrixLiteBackup.dat"</item>
			<item ask="Install MyMetrixLiteBackup ?" icon="skins.png" name="MyMetrixLiteBackup">wget -O /etc/enigma2/MyMetrixLiteBackup.dat "https://raw.githubusercontent.com/emil237/plugins/main/MyMetrixLiteBackup.dat"</item>
			<item ask="Install Skin Aglare-FHD ?" icon="skins.png" name="Aglare-FHD">curl -kLs https://dreambox4u.com/emilnabil237/skins/script/skins-aglare-fhd.sh|sh</item>
			<item ask="Install Skin MetrixFHD-OpenATV-Extraevent-PosterX ?" icon="skins.png" name="MetrixFHD-OpenATV-Extraevent-PosterX">curl -kLs https://dreambox4u.com/emilnabil237/skins/openatv/SKIN-MetrixFHD-OpenATV-Extraevent-PosterX.sh|sh</item>
			<item ask="Install Skin Malek-FHD ?" icon="skins.png" name="skins-malek-fhd_2.2_py3.11.2-py3.12.1">curl -kLs https://raw.githubusercontent.com/emil237/skins-enigma2/main/ATV/skins-malek-fhd_2.2_py3.11.2-py3.12.1.sh|sh</item>
			<item ask="Install Skin Nacht_1.7.3 ?" icon="skins.png" name="Nacht_1.7.3">wget http://dreambox4u.com/emilnabil237/script/SKIN-ATV-nacht_1.7.3.sh -O - | /bin/sh</item>
			<item ask="Install Skin Novaler-s-fhd-indianred ?" icon="skins.png" name="Novaler-s-fhd-indianred_3.4">wget https://dreambox4u.com/emilnabil237/skins/openatv/SKIN-novaler-s-fhd-indianred_3.4.sh -O - | /bin/sh</item>
			<item ask="Install Skin Ozeta Xtra ?" icon="skins.png" name="Ozeta-Xtra">wget http://dreambox4u.com/emilnabil237/script/SKIN-ATV-ozeta-xtra.sh -O - | /bin/sh</item>
		</submenu>

		<submenu fg="#E9AB17" font_size="50" height="950" icon="blackhole.png" mode="grid_4x3" num_bg="#000000" num_fg="#FCFCFC" shade="yes" title="Skins BlackHole" title1_bg="#000000" title1_fg="#FFFF00" title2_bg="#000000" title2_fg="#FCFCFC" title_bg="#11332233" width="1600">
			<item ask="Install Skin q-purple ?" icon="blackhole.png" name="q-purple">opkg update
opkg install curl
curl -kLs https://dreambox4u.com/emilnabil237/skins/blackhole/SKIN-BLACKHOLE--q-purple.sh|sh
</item>
			<item ask="Install Skin Alienaware-Obh4 ?" icon="blackhole.png" name="Alienaware-Obh4">wget https://dreambox4u.com/emilnabil237/skins/blackhole/SKIN-BLACKHOLE-alienaware-obh4.sh -O - | /bin/sh</item>
			<item ask="Install Skin Ekselancen ?" icon="blackhole.png" name="Ekselancen">opkg update
opkg install curl
curl -kLs https://dreambox4u.com/emilnabil237/skins/blackhole/SKIN-BLACKHOLE-ekselancen.sh|sh</item>
			<item ask="Install Skin Mx-Sline ?" icon="blackhole.png" name="Mx-Sline">opkg update
opkg install curl
curl -kLs https://dreambox4u.com/emilnabil237/skins/blackhole/SKIN-BLACKHOLE-mx-sline.sh|sh</item>
			<item ask="Install Skin Mxgraphite ?" icon="blackhole.png" name="Mxgraphite skin">opkg update
opkg install curl
curl -kLs https://dreambox4u.com/emilnabil237/skins/blackhole/SKIN-BLACKHOLE-mxgraphite.sh|sh</item>
			<item ask="Install Skin Q-Darkblue ?" icon="blackhole.png" name="Q-Darkblue">opkg update
opkg install curl
curl -kLs https://dreambox4u.com/emilnabil237/skins/blackhole/SKIN-BLACKHOLE-q-darkblue.sh|sh</item>
			<item ask="Install Skin Q-Fhd ?" icon="blackhole.png" name="Q-Fhd skin">opkg update
opkg install curl
curl -kLs https://dreambox4u.com/emilnabil237/skins/blackhole/SKIN-BLACKHOLE--q-purple.sh|sh</item>
			<item ask="Install Skin Waves4 ?" icon="blackhole.png" name="Waves4">opkg update
opkg install curl
curl -kLs https://dreambox4u.com/emilnabil237/skins/blackhole/SKIN-BLACKHOLE-waves4.sh|sh</item>
		</submenu>

		<submenu fg="#F9B7FF" font_size="50" height="950" icon="egami.png" mode="grid_4x3" num_bg="#000000" num_fg="#FCFCFC" shade="yes" title="Skins Egami" title1_bg="#000000" title1_fg="#FFFF00" title2_bg="#000000" title2_fg="#FCFCFC" title_bg="#11332233" width="1600">
			<item ask="Install Skin Aglare-FHD ?" icon="aglare.png" name="Aglare-FHD">curl -kLs https://dreambox4u.com/emilnabil237/skins/script/skins-aglare-fhd.sh|sh</item>
			<item ask="" icon="skins-premium.png" name="Premium-Fhd_2.7">wget https://dreambox4u.com/emilnabil237/skins/script/SKIN-egami-premium-fhd-py3.sh -O - | /bin/sh</item>
			<item ask="" icon="skins-premium-black.png" name="Premium-Black-Fhd_2.7">wget https://dreambox4u.com/emilnabil237/skins/script/SKIN-egami-premium--black-fhd-py3.sh -O - | /bin/sh</item>
			<item ask="" icon="skins-premium-blue.png" name="Premium-Blue-Fhd_2.7">wget https://dreambox4u.com/emilnabil237/skins/script/SKIN-egami-premium--blue-fhd-py3.sh -O - | /bin/sh</item>
			<item ask="" icon="skins.png" name="Odreamy-Fhd">wget https://dreambox4u.com/emilnabil237/skins/script/SKIN-egami-odreamy-fhd.sh -O - | /bin/sh</item>
		</submenu>

		<submenu fg="#CCFB5D" font_size="50" height="950" icon="OBH.png" mode="grid_4x3" num_bg="#000000" num_fg="#FCFCFC" shade="yes" title="Skins Open Black Hole" title1_bg="#000000" title1_fg="#FFFF00" title2_bg="#000000" title2_fg="#FCFCFC" title_bg="#11332233" width="1600">
			<item ask="Install Skin ?" icon="skins.png" name="MX-Sline-Black-Red-Gradient_py3.12" info="FOR OPEN-BH_5.4">curl -kLs https://dreambox4u.com/emilnabil237/skins/obh/mx-sline-black-red-gradient_py3.12.sh|sh</item>
			<item ask="Install Skin ?" icon="skins.png" name="MX_Sline-Blue_OBH_5.4_py3.12" info="FOR OPEN-BH_5.4">curl -kLs https://dreambox4u.com/emilnabil237/skins/obh/MX_Sline-Blue_OBH_5.4_py3.12_py3.12.sh|sh</item>
			<item ask="Install Skin ?" icon="skins.png" name="MX_Sline-Red_X2_py3.12" info="FOR OPEN-BH_5.4">curl -kLs https://dreambox4u.com/emilnabil237/skins/obh/MX_Sline-Red_X2_py3.12.sh|sh</item>
			<item ask="Install Skin ?" icon="skins.png" name="MX_GrayDots_vip-xtra_mod-HA" info="FOR OPEN-BH_5.3">wget https://dreambox4u.com/emilnabil237/skins/obh/MX_GrayDots_vip-xtra_mod-HA.sh  -O - | /bin/sh</item>
			<item ask="Install Skin ?" icon="skins.png" info="FOR OPEN-BH_5.3" name="mx-hq9w_2.0-mod3-FHD">wget https://dreambox4u.com/emilnabil237/skins/obh/mx-hq9w_2.0-mod3fhd.sh  -O - | /bin/sh</item>
			<item ask="Install Skin ?" icon="skins.png" name="MX-MaesteraBPR-FHD_MOD-HAhmed" info="FOR OPEN-BH_5.3">wget https://dreambox4u.com/emilnabil237/skins/obh/MX-MaesteraBPR-FHD_MOD-HAhmed.sh  -O - | /bin/sh</item>
			<item ask="Install Skin ?" icon="skins.png" info="FOR OPEN-BH_5.3" name="Mx-PrioFHD-xtra_mod-HAhmed">wget https://dreambox4u.com/emilnabil237/skins/obh/Mx-PrioFHD-xtra_mod-HAhmed.sh  -O - | /bin/sh</item>
			<item ask="Install Skin ?" icon="skins.png" info="FOR OPEN-BH_5.3" name="mx-sline-posterx_2.0-mod2ha">wget https://dreambox4u.com/emilnabil237/skins/obh/mx-sline-posterx_2.0-mod2ha.sh  -O - | /bin/sh</item>
			<item ask="Install Skin ?" icon="skins.png" info="FOR OPEN-BH_5.3" name="MX-SunMoon-FHD_MOD-HAhmed">wget https://dreambox4u.com/emilnabil237/skins/obh/MX-SunMoon-FHD_MOD-HAhmed.sh  -O - | /bin/sh</item>
		</submenu>

		<submenu font_size="50" height="950" icon="pli.png" mode="grid" num_bg="#000000" num_fg="#FCFCFC" shade="yes" title="Skins Pli_8x" title1_bg="#000000" title1_fg="#FFFF00" title2_bg="#000000" title2_fg="#FCFCFC" title_bg="#11332233" width="1600">
			<item ask="" icon="skins.png" name="CH.LEAGUE-FHD">wget http://dreambox4u.com/emilnabil237/script/SKIN-PLI-CH.LEAGUE-FHD.sh -O - | /bin/sh</item>
			<item ask="" icon="skins.png" name="Ozeta-Xtra">wget http://dreambox4u.com/emilnabil237/script/SKIN-PLI-ozeta-xtra.sh -O - | /bin/sh</item>
			<item ask="yes" icon="skins.png" name="QATAR-2022-V3-FHD">wget http://dreambox4u.com/emilnabil237/script/SKIN-PLI-QATAR-2022-V3-FHD.sh -O - | /bin/sh</item>
			<item ask="" icon="skins.png" name="SPIDERMAN-FHD">wget http://dreambox4u.com/emilnabil237/script/SKIN-PLI-SPIDERMAN-FHD.sh -O - | /bin/sh</item>
			<item ask="" icon="skins.png" name="WAR-S-FHD">wget http://dreambox4u.com/emilnabil237/script/SKIN-PLI-WAR-S-FHD.sh -O - | /bin/sh</item>
			<item ask="" icon="skins.png" name="BLACKSKY-S-HD-MOD-By-Muaath">curl -kLs https://raw.githubusercontent.com/emil237/skins-enigma2/main/pli/SKIN-BLACKSKY-S-HD-MOD-By-Muaath.sh|sh</item>
			<item ask="" icon="skins.png" name="BLUESKY-S-HD-MOD-By-Muaath">curl -kLs https://raw.githubusercontent.com/emil237/skins-enigma2/main/pli/SKIN-BLUESKY-S-HD-MOD-By-Muaath.sh|sh</item>
			<item ask="yes" icon="skins.png" name="CYANSKY-S-HD-MOD-By-Muaath">curl -kLs https://raw.githubusercontent.com/emil237/skins-enigma2/main/pli/SKIN-CYANSKY-S-HD-MOD-By-Muaath.sh|sh</item>
			<item ask="" icon="skins.png" name="GOLDSKY-S-HD-MOD-By-Muaath">curl -kLs https://raw.githubusercontent.com/emil237/skins-enigma2/main/pli/SKIN-GOLDSKY-S-HD-MOD-By-Muaath.sh|sh</item>
			<item ask="" icon="skins.png" name="GREENSKY-S-HD-MOD-By-Muaath">curl -kLs https://raw.githubusercontent.com/emil237/skins-enigma2/main/pli/SKIN-GREENSKY-S-HD-MOD-By-Muaath.sh|sh</item>
			<item ask="" icon="skins.png" name="PINKSKY-S-HD-MOD-By-Muaath">curl -kLs https://raw.githubusercontent.com/emil237/skins-enigma2/main/pli/SKIN-PINKSKY-S-HD-MOD-By-Muaath.sh|sh</item>
			<item ask="" icon="skins.png" name="PURPLESKY-S-HD-MOD-By-Muaath">curl -kLs https://raw.githubusercontent.com/emil237/skins-enigma2/main/pli/SKIN-PURPLESKY-S-HD-MOD-By-Muaath.sh|sh</item>
			<item ask="yes" icon="skins.png" name="REDSKY-S-HD-MOD-By-Muaath">curl -kLs https://raw.githubusercontent.com/emil237/skins-enigma2/main/pli/SKIN-REDSKY-S-HD-MOD-By-Muaath.sh|sh</item>
			<item ask="" icon="skins.png" name="BATMAN-MP-HD-By-Muaath">curl -kLs https://raw.githubusercontent.com/emil237/skins-enigma2/main/pli/SKIN-BATMAN-MP-HD-By-Muaath.sh|sh</item>
			<item ask="" icon="skins.png" name="CHAMPIONSLEAGUE-HD-P-By-Muaath">curl -kLs https://raw.githubusercontent.com/emil237/skins-enigma2/main/pli/SKIN-CHAMPIONSLEAGUE-HD-P-By-Muaath.sh|sh</item>
			<item ask="yes" icon="skins.png" name="DARK-SHADOW-T-HD-By-Muaath">curl -kLs https://raw.githubusercontent.com/emil237/skins-enigma2/main/pli/SKIN-DARK-SHADOW-T-HD-By-Muaath.sh|sh</item>
			<item ask="" icon="skins.png" name="EUR02020-FHD-N-By-Muaath">curl -kLs https://raw.githubusercontent.com/emil237/skins-enigma2/main/pli/SKIN-EUR02020-FHD-N-By-Muaath.sh|sh</item>
			<item ask="" icon="skins.png" name="GOLDSKY-T-FHD-By-Muaath">curl -kLs https://raw.githubusercontent.com/emil237/skins-enigma2/main/pli/SKIN-GOLDSKY-T-FHD-By-Muaath.sh|sh</item>
			<item ask="" icon="skins.png" name="GREY-SHADOW-FHD-By-Muaath">curl -kLs https://raw.githubusercontent.com/emil237/skins-enigma2/main/pli/SKIN-GREY-SHADOW-FHD-By-Muaath.sh|sh</item>
			<item ask="" icon="skins.png" name="ICONE-FHD-By-Muaath">curl -kLs https://raw.githubusercontent.com/emil237/skins-enigma2/main/pli/SKIN-ICONE-FHD-By-Muaath.sh|sh</item>
			<item ask="yes" icon="skins.png" name="OSN-BLUE-FHD-By-Muaath">curl -kLs https://raw.githubusercontent.com/emil237/skins-enigma2/main/pli/SKIN-OSN-BLUE-FHD-By-Muaath.sh|sh</item>
			<item ask="" icon="skins.png" name="OSN-FHD-By-Muaath">curl -kLs https://raw.githubusercontent.com/emil237/skins-enigma2/main/pli/SKIN-OSN-FHD-By-Muaath.sh|sh</item>
			<item ask="" icon="skins.png" name="ROBOCOP2-HD-MOD-By-Muaath">curl -kLs https://raw.githubusercontent.com/emil237/skins-enigma2/main/pli/SKIN-ROBOCOP2-HD-MOD-By-Muaath.sh|sh</item>
			<item ask="" icon="skins.png" name="SPIDERMAN-P-FHD-By-Muaath">curl -kLs https://raw.githubusercontent.com/emil237/skins-enigma2/main/pli/SKIN-SPIDERMAN-P-FHD-By-Muaath.sh|sh</item>
			<item ask="" icon="skins.png" name="T.BLACK-HD-By-Muaath">curl -kLs https://raw.githubusercontent.com/emil237/skins-enigma2/main/pli/SKIN-T.BLACK-HD-By-Muaath.sh|sh</item>
			<item ask="yes" icon="skins.png" name="T.BLUE-HD-By-Muaath">curl -kLs https://raw.githubusercontent.com/emil237/skins-enigma2/main/pli/SKIN-T.BLUE-HD-By-Muaath.sh|sh</item>
			<item ask="" icon="skins.png" name="T.PURPLE-HD-By-Muaath">curl -kLs https://raw.githubusercontent.com/emil237/skins-enigma2/main/pli/SKIN-T.PURPLE-HD-By-Muaath.sh|sh</item>
			<item ask="yes" icon="skins.png" name="TOKYO2020-FHD-By-Muaath">curl -kLs https://raw.githubusercontent.com/emil237/skins-enigma2/main/pli/SKIN-TOKYO2020-FHD-By-Muaath.sh|sh</item>
		</submenu>

		<submenu font_size="50" height="950" icon="pli.png" mode="grid" num_bg="#000000" num_fg="#FCFCFC" shade="yes" title="Skins Pli_9x" title1_bg="#000000" title1_fg="#FFFF00" title2_bg="#000000" title2_fg="#FCFCFC" title_bg="#11332233" width="1600">
			<item ask="" icon="skins.png" name="Aglare-fhd">curl -kLs https://dreambox4u.com/emilnabil237/skins/script/skins-aglare-fhd-pli.sh|sh</item>
			<item ask="" icon="skins.png" name="BLACKNEON-XP_Mod_M-Nasr">curl -kLs https://dreambox4u.com/emilnabil237/skins/pli9x/Skin-BLACKNEON-XP_mod_mnasr-pli9x.sh|sh</item>
			<item ask="" icon="skins.png" name="malek-fhd_1.2">curl -kLs https://raw.githubusercontent.com/emil237/skins-enigma2/main/pli/Skin-malek-fhd_1.2.sh|sh</item>
			<item ask="" icon="skins.png" name="Ozeta-Xtra">wget http://dreambox4u.com/emilnabil237/script/SKIN-PLI-ozeta-xtra.sh -O - | /bin/sh</item>
		</submenu>

		<submenu font_size="50" height="950" icon="spaplugtel.png" mode="grid" num_bg="#000000" num_fg="#FCFCFC" shade="yes" title="Skins Spa-8.3" title1_bg="#000000" title1_fg="#FFFF00" title2_bg="#000000" title2_fg="#FCFCFC" title_bg="#11332233" width="1600">
			<item ask="Install Skin Aglare-FHD ?" icon="skins.png" name="Aglare-FHD">curl -kLs https://dreambox4u.com/emilnabil237/skins/script/skins-aglare-fhd.sh|sh</item>
			<item ask="" icon="skins.png" name="BlackSPAFHD_posterX-Mod-HA">curl -kLs https://gitlab.com/elbrins/skins/-/raw/main/Spa/Skin-BlackSPAFHD_posterX-Mod-HA.sh?inline=false|sh</item>
			<item ask="" icon="skins.png" name="estuary-1080">curl -kLs https://gitlab.com/elbrins/skins/-/raw/main/Spa/Skin-estuary-1080.sh?inline=false|sh</item>
			<item ask="" icon="skins.png" name="estuaryFHD_Mod-HA">curl -kLs https://gitlab.com/elbrins/skins/-/raw/main/Spa/Skin-estuaryFHD_openspa_Mod-HA.sh?inline=false|sh</item>
			<item ask="yes" icon="skins.png" name="OpenplusFHD_posterX-Mod-HA">curl -kLs https://gitlab.com/elbrins/skins/-/raw/main/Spa/Skin-openplusFHD_posterX-Mod-HA.sh?inline=false|sh</item>
		</submenu>

		<submenu font_size="50" height="950" icon="vti.png" mode="grid" num_bg="#000000" num_fg="#FCFCFC" shade="yes" title="Skins VTI" title1_bg="#000000" title1_fg="#FFFF00" title2_bg="#000000" title2_fg="#FCFCFC" title_bg="#11332233" width="1600">
			<item ask="Install Skin Aeonfhdmod_sharp987 ?" icon="skins.png" name="Aeonfhdmod_sharp987">opkg update
opkg install curl
curl -kLs https://dreambox4u.com/emilnabil237/skins/vti/SKIN-VTI-aeonfhdmod_sharp987_vti-r3.27.sh|sh
</item>
			<item ask="Install Skin Blue-shadow-fhd ?" icon="skins.png" name="Blue-shadow-fhd">opkg update
opkg install curl
curl -kLs https://dreambox4u.com/emilnabil237/skins/vti/SKIN-VTI-blue-shadow-fhd_3.5.sh|sh</item>
			<item ask="Install Skin Cerx-fhd ?" icon="skins.png" name="Cerx-fhd">opkg update
opkg install curl
curl -kLs https://dreambox4u.com/emilnabil237/skins/vti/SKIN-VTI-cerx-fhd.sh|sh</item>
			<item ask="Install Skin Full-hd_9.7 ?" icon="skins.png" name="Full-hd_9.7">opkg update
opkg install curl
curl -kLs https://dreambox4u.com/emilnabil237/skins/vti/SKIN-VTI-full-hd_9.7.sh|sh</item>
			<item ask="Install Skin Greenhexagon-fhd ?" icon="skins.png" name="Greenhexagon-fhd">opkg update
opkg install curl
curl -kLs https://dreambox4u.com/emilnabil237/skins/vti/SKIN-VTI-greenhexagon-fhd.sh|sh
</item>
			<item ask="Install Skin Linearfhd_v4.1.1 ?" icon="skins.png" name="Linearfhd_v4.1.1">opkg update
opkg install curl
curl -kLs https://dreambox4u.com/emilnabil237/skins/vti/SKIN-VTI-linearfhd_v4.1.1.sh|sh</item>
			<item ask="Install Skin Sky-fhd_3.6 ?" icon="skins.png" name="Sky-fhd_3.6">opkg update
opkg install curl
curl -kLs https://dreambox4u.com/emilnabil237/skins/vti/SKIN-VTI-Sky-fhd_3.6.sh|sh</item>
			<item ask="Install Skin Square-fhd_2.2 ?" icon="skins.png" name="Square-fhd_2.2">opkg update
opkg install curl
curl -kLs https://dreambox4u.com/emilnabil237/skins/vti/SKIN-VTI-square-fhd_2.2.sh|sh</item>
			<item ask="Install Skin Zflatgyrfhd_Sharp987 ?" icon="skins.png" name="Zflatgyrfhd_Sharp987">opkg update
opkg install curl
curl -kLs https://dreambox4u.com/emilnabil237/skins/vti/SKIN-VTI-zflatgyrfhd_sharp987_vti-r1.01.sh|sh</item>
		</submenu>

		<submenu bg="#06006666" font_size="50" height="950" icon="xtreamty.png" mode="grid_3x3" num_bg="#000000" num_fg="#FCFCFC" shade="yes" title="Skins Plugin Xstreamity" title1_bg="#000000" title1_fg="#FFFF00" title2_bg="#000000" title2_fg="#FCFCFC" width="1600">
			<item ask="Install Skin Abstract ?" icon="abstract.png" name="Abstract">wget -q "--no-check-certificate" https://dreambox4u.com/emilnabil237/plugins/xtreamity/installer-skin-abstract.sh -O - | /bin/sh</item>
			<item ask="Install Skin qatar2022 ?" icon="Qatar2022.png" name="Qatar2022">wget https://dreambox4u.com/emilnabil237/plugins/xtreamity/installer-skin-qatar.sh -O - | /bin/sh</item>
			<item ask="Install Skin toys ?" icon="toys.png" name="Toys">wget https://dreambox4u.com/emilnabil237/plugins/xtreamity/installer-skin-toys.sh -O - | /bin/sh</item>
		</submenu>
	</submenu>

	<submenu bg="chb.jpg" font_size="30" height="950" icon="bootlogo.png" info="Download And Install Multi Bootlogo Swapper" mode="grid" num_bg="#000000" num_fg="#FCFCFC" shade="yes" title="Bootlogo" title1_bg="#000000" title1_fg="#FFFF00" title2_bg="#000000" title2_fg="#FCFCFC" title_bg="#11332233" width="1600">
		<item ask="Install BootlogoSwapper Atv ?" icon="bootlogo.png" info="Download And Install Bootlogo Swapper Atv" name="Bootlogo-Atv">wget http://dreambox4u.com/emilnabil237/script/bootlogoswapper-Atv.sh  -O - | /bin/sh</item>
		<item ask="Install BootlogoSwapper Pure2 ?" icon="bootlogo.png" info="Download And Install Bootlogo Swapper Pure2" name="Bootlogo-PURE2">wget http://dreambox4u.com/emilnabil237/script/bootLogoswapper-Pure2.sh  -O - | /bin/sh</item>
		<item ask="Install BootlogoSwapper Christmas ?" icon="christmas.png" info="Download And Install Bootlogo Swapper Christmas" name="Bootlogo-christmas">wget http://dreambox4u.com/emilnabil237/script/bootlogoswapper-christmas.sh -O - | /bin/sh</item>
		<item ask="Install BootlogoSwapper Pli ?" icon="bootlogo.png" info="Download And Install Bootlogo Swapper OpenPli" name="Bootlogo-ObenPli">wget http://dreambox4u.com/emilnabil237/script/bootlogoswapper-pli.sh -O - | /bin/sh</item>
		<item ask="Install BootlogoSwapper OpenBH ?" icon="bootlogo.png" info="Download And Install Bootlogo Swapper Open BlackHole" name="bootlogo-OpenBH">wget http://dreambox4u.com/emilnabil237/script/bootlogoswapper-OpenBH.sh  -O - | /bin/sh</item>
		<item ask="Install BootlogoSwapper Egami ?" icon="bootlogo.png" info="Download And Install Bootlogo Swapper Egami" name="BootLogo-Egami">wget http://dreambox4u.com/emilnabil237/script/bootLogoswapper-Egami.sh -O - | /bin/sh</item>
		<item ask="" icon="bootlogo.png" info="Download And Install Bootlogo Swapper OpenVix" name="Bootlogo-OpenVix">wget http://dreambox4u.com/emilnabil237/script/bootlogoswapper-OpenVix.sh  -O - | /bin/sh</item>
		<item ask="Install BootlogoSwapper-Kids ?" icon="kids.png" info="Download And Install Bootlogo Swapper Kids" name="Bootlogo-Kids">wget http://dreambox4u.com/emilnabil237/script/bootlogoswapper-kids.sh -O - | /bin/sh</item>
		<item ask="Install Bootlogo-Swapper-Ramadan ?" icon="bootlogo.png" info="Download And Install Bootlogo Swapper Ramadan" name="Bootlogo-Ramadan">wget http://dreambox4u.com/emilnabil237/script/bootlogo-swapper-ramadan.sh  -O - | /bin/sh</item>
		<item ask="Install BootlogoSwaper-Eid-Aldha ?" icon="bootlogo.png" info="Download And Install Bootlogo Swapper Eid-Aladha" name="Bootlogo-Eid-Aldha">wget http://dreambox4u.com/emilnabil237/script/bootlogoswaper-Eid-Aldha.sh -O - | /bin/sh</item>
	</submenu>

	<submenu bg="#22440033" font_size="30" height="950" icon="emu.png" mode="grid1_6x3" num_bg="#000000" num_fg="#FCFCFC" shade="yes" title="Emu Cam" title1_bg="#000000" title1_fg="#FFFF00" title2_bg="#000000" title2_fg="#FCFCFC" width="1600">
		<item ask="" icon="cccam.png" name="Cccam">wget https://dreambox4u.com/emilnabil237/emu/installer-cccam.sh  -O - | /bin/sh</item>
		<item ask="" icon="gosat.png" name="gosatplus-ncam">wget https://dreambox4u.com/emilnabil237/emu/installer-gosatplus-ncam.sh  -O - | /bin/sh</item>
		<item ask="" icon="gosat.png" name="gosatplus-oscam">wget https://dreambox4u.com/emilnabil237/emu/installer-gosatplus-oscam.sh  -O - | /bin/sh</item>
		<item ask="" icon="gosat.png" name="gosatplus">wget https://dreambox4u.com/emilnabil237/emu/installer-gosatplus.sh  -O - | /bin/sh</item>
		<item ask="" icon="hold.png" name="Hold-flag-ncam">opkg flag hold enigma2-plugin-softcams-ncam</item>
		<item ask="" icon="hold.png" name="Hold-flag-oscam">opkg flag hold enigma2-plugin-softcams-oscam</item>
		<item ask="" icon="ncam.png" name="Ncam-14.9">wget https://dreambox4u.com/emilnabil237/emu/installer-ncam.sh -O - | /bin/sh</item>
		<item ask="" icon="oscam.png" name="Oscam-11778-r801">wget https://dreambox4u.com/emilnabil237/emu/installer-oscam.sh  -O - | /bin/sh</item>
		<item ask="" icon="oscam.png" name="Oscam-11.726-by-lenuxsat">wget https://dreambox4u.com/emilnabil237/emu/oscam-by-lenuxsat/installer.sh  -O - | /bin/sh</item>
		<item ask="" icon="oscam.png" name="oscamicam">wget https://dreambox4u.com/emilnabil237/emu/installer-oscamicam.sh  -O - | /bin/sh</item>
		<item ask="" icon="powercam.png" name="powercam_v2-icam-arm">wget https://dreambox4u.com/emilnabil237/emu/powercam/installer.sh  -O - | /bin/sh</item>
		<item ask="" icon="powercam.png" name="powercam-Ncam">wget https://dreambox4u.com/emilnabil237/emu/installer-powercam-ncam.sh  -O - | /bin/sh</item>
		<item ask="" icon="powercam.png" name="powercam-Oscam">wget https://dreambox4u.com/emilnabil237/emu/installer-powercam-oscam.sh  -O - | /bin/sh</item>
		<item ask="" icon="restore.png" name="Restore-flag-ncam">opkg flag user enigma2-plugin-softcams-ncam</item>
		<item ask="" icon="restore.png" name="Restore-flag-oscam">opkg flag user enigma2-plugin-softcams-oscam</item>
		<item ask="" icon="revcam.png" name="Revcam-Ncam">wget https://dreambox4u.com/emilnabil237/emu/installer-revcam-ncam.sh  -O - | /bin/sh</item>
		<item ask="" icon="revcam.png" name="Revcam-Oscam">wget https://dreambox4u.com/emilnabil237/emu/installer-revcam-oscam.sh  -O - | /bin/sh</item>
		<item ask="" icon="revcam.png" name="Revcam">wget https://dreambox4u.com/emilnabil237/emu/installer-revcam.sh  -O - | /bin/sh</item>
		<item ask="" icon="supcam.png" name="Supcam-Ncam">wget https://dreambox4u.com/emilnabil237/emu/installer-supcam-ncam.sh  -O - | /bin/sh</item>
		<item ask="" icon="supcam.png" name="Supcam-Oscam">wget https://dreambox4u.com/emilnabil237/emu/installer-supcam-oscam.sh  -O - | /bin/sh</item>
		<item ask="" icon="ultracam.png" name="Ultracam-Ncam">wget https://dreambox4u.com/emilnabil237/emu/installer-ultracam-ncam.sh  -O - | /bin/sh</item>
		<item ask="" icon="ultracam.png" name="Ultracam-Oscam">wget https://dreambox4u.com/emilnabil237/emu/installer-ultracam-oscam.sh  -O - | /bin/sh</item>
		<item ask="" icon="ultracam.png" name="Ultracam">wget https://dreambox4u.com/emilnabil237/emu/installer-ultracam.sh  -O - | /bin/sh</item>
	</submenu>

	<submenu font_size="30" height="950" icon="images.png" info="Download Images To plugin Neoboot Or Egamiboot Or Openmultiboot" mode="grid" num_bg="#000000" num_fg="#FCFCFC" shade="yes" title="Images" title1_bg="#000000" title1_fg=" " title2_bg="#000000" title2_fg="#11FFFFC0" title_bg="#11332233" title_fg="#1100FF00" width="1600">
		<item ask="Download Image BlackHole-3.1.0 ?" icon="images.png" info="(&#1578;&#1581;&#1605;&#1610;&#1604; &#1575;&#1604;&#1589;&#1608;&#1585;&#1577; &#1575;&#1604;&#1610; &#1605;&#1580;&#1604;&#1583;&#1575;&#1578; &#1575;&#1604;&#1576;&#1604;&#1580;&#1606;&#1575;&#1578; &#1575;&#1604;&#1578;&#1575;&#1604;&#1610;&#1577; &#1575;&#1606; &#1608;&#1580;&#1583;&#1578; &#1601;&#1610; &#1575;&#1604;&#1605;&#1587;&#1575;&#1585; media/hdd &#1606;&#1610;&#1608;&#1610;&#1608;&#1578; &#1575;&#1608; &#1575;&#1610;&#1580;&#1575;&#1605;&#1610; &#1576;&#1608;&#1578; &#1575;&#1608; &#1575;&#1608;&#1576;&#1606; &#1605;&#1575;&#1604;&#1578;&#1610; &#1576;&#1608;&#1578; )" name="BlackHole-3.1.0">wget https://dreambox4u.com/emilnabil237/images/BlackHole-3.1.0.sh  -O - | /bin/sh</item>
		<item ask="Download Image Cobraliberosat-9.0-for-Vuplus-only ?" icon="images.png" info="(&#1578;&#1581;&#1605;&#1610;&#1604; &#1575;&#1604;&#1589;&#1608;&#1585;&#1577; &#1575;&#1604;&#1610; &#1605;&#1580;&#1604;&#1583;&#1575;&#1578; &#1575;&#1604;&#1576;&#1604;&#1580;&#1606;&#1575;&#1578; &#1575;&#1604;&#1578;&#1575;&#1604;&#1610;&#1577; &#1575;&#1606; &#1608;&#1580;&#1583;&#1578; &#1601;&#1610; &#1575;&#1604;&#1605;&#1587;&#1575;&#1585; media/hdd &#1606;&#1610;&#1608;&#1610;&#1608;&#1578; &#1575;&#1608; &#1575;&#1610;&#1580;&#1575;&#1605;&#1610; &#1576;&#1608;&#1578; &#1575;&#1608; &#1575;&#1608;&#1576;&#1606; &#1605;&#1575;&#1604;&#1578;&#1610; &#1576;&#1608;&#1578; )" name="Cobraliberosat-9.0-for-Vuplus-only">wget https://dreambox4u.com/emilnabil237/images/cobraliberosat-9.0-py3.9.9-for-vuplus-only.sh  -O - | /bin/sh</item>
		<item ask="Download Image Egami-10.4 ?" icon="images.png" info="(&#1578;&#1581;&#1605;&#1610;&#1604; &#1575;&#1604;&#1589;&#1608;&#1585;&#1577; &#1575;&#1604;&#1610; &#1605;&#1580;&#1604;&#1583;&#1575;&#1578; &#1575;&#1604;&#1576;&#1604;&#1580;&#1606;&#1575;&#1578; &#1575;&#1604;&#1578;&#1575;&#1604;&#1610;&#1577; &#1575;&#1606; &#1608;&#1580;&#1583;&#1578; &#1601;&#1610; &#1575;&#1604;&#1605;&#1587;&#1575;&#1585; media/hdd &#1606;&#1610;&#1608;&#1610;&#1608;&#1578; &#1575;&#1608; &#1575;&#1610;&#1580;&#1575;&#1605;&#1610; &#1576;&#1608;&#1578; &#1575;&#1608; &#1575;&#1608;&#1576;&#1606; &#1605;&#1575;&#1604;&#1578;&#1610; &#1576;&#1608;&#1578; )" name="Egami-10.4">wget https://dreambox4u.com/emilnabil237/images/egami-10.4.sh -O - | /bin/sh</item>
		<item ask="Download Image Nonsolosat-30-py3 ?" icon="images.png" info="(&#1578;&#1581;&#1605;&#1610;&#1604; &#1575;&#1604;&#1589;&#1608;&#1585;&#1577; &#1575;&#1604;&#1610; &#1605;&#1580;&#1604;&#1583;&#1575;&#1578; &#1575;&#1604;&#1576;&#1604;&#1580;&#1606;&#1575;&#1578; &#1575;&#1604;&#1578;&#1575;&#1604;&#1610;&#1577; &#1575;&#1606; &#1608;&#1580;&#1583;&#1578; &#1601;&#1610; &#1575;&#1604;&#1605;&#1587;&#1575;&#1585; media/hdd &#1606;&#1610;&#1608;&#1610;&#1608;&#1578; &#1575;&#1608; &#1575;&#1610;&#1580;&#1575;&#1605;&#1610; &#1576;&#1608;&#1578; &#1575;&#1608; &#1575;&#1608;&#1576;&#1606; &#1605;&#1575;&#1604;&#1578;&#1610; &#1576;&#1608;&#1578; )" name="Nonsolosat-30-py3">wget https://dreambox4u.com/emilnabil237/images/nonsolosat-30-py3.sh -O - | /bin/sh</item>
		<item ask="Download Image Openatv-6.4 ?" icon="images.png" info="(&#1578;&#1581;&#1605;&#1610;&#1604; &#1575;&#1604;&#1589;&#1608;&#1585;&#1577; &#1575;&#1604;&#1610; &#1605;&#1580;&#1604;&#1583;&#1575;&#1578; &#1575;&#1604;&#1576;&#1604;&#1580;&#1606;&#1575;&#1578; &#1575;&#1604;&#1578;&#1575;&#1604;&#1610;&#1577; &#1575;&#1606; &#1608;&#1580;&#1583;&#1578; &#1601;&#1610; &#1575;&#1604;&#1605;&#1587;&#1575;&#1585; media/hdd &#1606;&#1610;&#1608;&#1610;&#1608;&#1578; &#1575;&#1608; &#1575;&#1610;&#1580;&#1575;&#1605;&#1610; &#1576;&#1608;&#1578; &#1575;&#1608; &#1575;&#1608;&#1576;&#1606; &#1605;&#1575;&#1604;&#1578;&#1610; &#1576;&#1608;&#1578; )" name="Openatv-6.4">wget https://dreambox4u.com/emilnabil237/images/openatv-6.4.sh  -O - | /bin/sh</item>
		<item ask="Download Image Openatv-7.0 ?" icon="images.png" info="(&#1578;&#1581;&#1605;&#1610;&#1604; &#1575;&#1604;&#1589;&#1608;&#1585;&#1577; &#1575;&#1604;&#1610; &#1605;&#1580;&#1604;&#1583;&#1575;&#1578; &#1575;&#1604;&#1576;&#1604;&#1580;&#1606;&#1575;&#1578; &#1575;&#1604;&#1578;&#1575;&#1604;&#1610;&#1577; &#1575;&#1606; &#1608;&#1580;&#1583;&#1578; &#1601;&#1610; &#1575;&#1604;&#1605;&#1587;&#1575;&#1585; media/hdd &#1606;&#1610;&#1608;&#1610;&#1608;&#1578; &#1575;&#1608; &#1575;&#1610;&#1580;&#1575;&#1605;&#1610; &#1576;&#1608;&#1578; &#1575;&#1608; &#1575;&#1608;&#1576;&#1606; &#1605;&#1575;&#1604;&#1578;&#1610; &#1576;&#1608;&#1578; )" name="Openatv-7.0">sh -c "$(wget -O- https://dreambox4u.com/emilnabil237/images/openatv-7.0.sh)</item>
		<item ask="Download Image Openatv-7.1 ?" icon="images.png" info="(&#1578;&#1581;&#1605;&#1610;&#1604; &#1575;&#1604;&#1589;&#1608;&#1585;&#1577; &#1575;&#1604;&#1610; &#1605;&#1580;&#1604;&#1583;&#1575;&#1578; &#1575;&#1604;&#1576;&#1604;&#1580;&#1606;&#1575;&#1578; &#1575;&#1604;&#1578;&#1575;&#1604;&#1610;&#1577; &#1575;&#1606; &#1608;&#1580;&#1583;&#1578; &#1601;&#1610; &#1575;&#1604;&#1605;&#1587;&#1575;&#1585; media/hdd &#1606;&#1610;&#1608;&#1610;&#1608;&#1578; &#1575;&#1608; &#1575;&#1610;&#1580;&#1575;&#1605;&#1610; &#1576;&#1608;&#1578; &#1575;&#1608; &#1575;&#1608;&#1576;&#1606; &#1605;&#1575;&#1604;&#1578;&#1610; &#1576;&#1608;&#1578; )" name="Openatv-7.1">wget https://dreambox4u.com/emilnabil237/images/openatv-7.1.sh  -O - | /bin/sh</item>
		<item ask="Download Image Openatv-7.2 ?" icon="images.png" info="(&#1578;&#1581;&#1605;&#1610;&#1604; &#1575;&#1604;&#1589;&#1608;&#1585;&#1577; &#1575;&#1604;&#1610; &#1605;&#1580;&#1604;&#1583;&#1575;&#1578; &#1575;&#1604;&#1576;&#1604;&#1580;&#1606;&#1575;&#1578; &#1575;&#1604;&#1578;&#1575;&#1604;&#1610;&#1577; &#1575;&#1606; &#1608;&#1580;&#1583;&#1578; &#1601;&#1610; &#1575;&#1604;&#1605;&#1587;&#1575;&#1585; media/hdd &#1606;&#1610;&#1608;&#1610;&#1608;&#1578; &#1575;&#1608; &#1575;&#1610;&#1580;&#1575;&#1605;&#1610; &#1576;&#1608;&#1578; &#1575;&#1608; &#1575;&#1608;&#1576;&#1606; &#1605;&#1575;&#1604;&#1578;&#1610; &#1576;&#1608;&#1578; )" name="Openatv-7.2">wget https://dreambox4u.com/emilnabil237/images/openatv-7.2.sh -O - | /bin/sh</item>
		<item ask="Download Image Openatv-7.3 ?" icon="images.png" info="(&#1578;&#1581;&#1605;&#1610;&#1604; &#1575;&#1604;&#1589;&#1608;&#1585;&#1577; &#1575;&#1604;&#1610; &#1605;&#1580;&#1604;&#1583;&#1575;&#1578; &#1575;&#1604;&#1576;&#1604;&#1580;&#1606;&#1575;&#1578; &#1575;&#1604;&#1578;&#1575;&#1604;&#1610;&#1577; &#1575;&#1606; &#1608;&#1580;&#1583;&#1578; &#1601;&#1610; &#1575;&#1604;&#1605;&#1587;&#1575;&#1585; media/hdd &#1606;&#1610;&#1608;&#1610;&#1608;&#1578; &#1575;&#1608; &#1575;&#1610;&#1580;&#1575;&#1605;&#1610; &#1576;&#1608;&#1578; &#1575;&#1608; &#1575;&#1608;&#1576;&#1606; &#1605;&#1575;&#1604;&#1578;&#1610; &#1576;&#1608;&#1578; )" name="Openatv-7.3">wget https://dreambox4u.com/emilnabil237/images/openatv-7.3.sh -O - | /bin/sh</item>
		<item ask="Download Image Openatv-7.4 ?" icon="images.png" info="(&#1578;&#1581;&#1605;&#1610;&#1604; &#1575;&#1604;&#1589;&#1608;&#1585;&#1577; &#1575;&#1604;&#1610; &#1605;&#1580;&#1604;&#1583;&#1575;&#1578; &#1575;&#1604;&#1576;&#1604;&#1580;&#1606;&#1575;&#1578; &#1575;&#1604;&#1578;&#1575;&#1604;&#1610;&#1577; &#1575;&#1606; &#1608;&#1580;&#1583;&#1578; &#1601;&#1610; &#1575;&#1604;&#1605;&#1587;&#1575;&#1585; media/hdd &#1606;&#1610;&#1608;&#1610;&#1608;&#1578; &#1575;&#1608; &#1575;&#1610;&#1580;&#1575;&#1605;&#1610; &#1576;&#1608;&#1578; &#1575;&#1608; &#1575;&#1608;&#1576;&#1606; &#1605;&#1575;&#1604;&#1578;&#1610; &#1576;&#1608;&#1578; )" name="Openatv-7.4">wget https://dreambox4u.com/emilnabil237/images/openatv-7.4.sh -O - | /bin/sh</item>
		<item ask="Download Image OpenBlackHole-4.4 ?" icon="images.png" info="(&#1578;&#1581;&#1605;&#1610;&#1604; &#1575;&#1604;&#1589;&#1608;&#1585;&#1577; &#1575;&#1604;&#1610; &#1605;&#1580;&#1604;&#1583;&#1575;&#1578; &#1575;&#1604;&#1576;&#1604;&#1580;&#1606;&#1575;&#1578; &#1575;&#1604;&#1578;&#1575;&#1604;&#1610;&#1577; &#1575;&#1606; &#1608;&#1580;&#1583;&#1578; &#1601;&#1610; &#1575;&#1604;&#1605;&#1587;&#1575;&#1585; media/hdd &#1606;&#1610;&#1608;&#1610;&#1608;&#1578; &#1575;&#1608; &#1575;&#1610;&#1580;&#1575;&#1605;&#1610; &#1576;&#1608;&#1578; &#1575;&#1608; &#1575;&#1608;&#1576;&#1606; &#1605;&#1575;&#1604;&#1578;&#1610; &#1576;&#1608;&#1578; )" name="OpenBlackHole-4.4">wget https://dreambox4u.com/emilnabil237/images/openblackhole-4.4-for-vuplus-only.sh -O - | /bin/sh</item>
		<item ask="Download Image OpenBlackHole-5.0 ?" icon="images.png" info="(&#1578;&#1581;&#1605;&#1610;&#1604; &#1575;&#1604;&#1589;&#1608;&#1585;&#1577; &#1575;&#1604;&#1610; &#1605;&#1580;&#1604;&#1583;&#1575;&#1578; &#1575;&#1604;&#1576;&#1604;&#1580;&#1606;&#1575;&#1578; &#1575;&#1604;&#1578;&#1575;&#1604;&#1610;&#1577; &#1575;&#1606; &#1608;&#1580;&#1583;&#1578; &#1601;&#1610; &#1575;&#1604;&#1605;&#1587;&#1575;&#1585; media/hdd &#1606;&#1610;&#1608;&#1610;&#1608;&#1578; &#1575;&#1608; &#1575;&#1610;&#1580;&#1575;&#1605;&#1610; &#1576;&#1608;&#1578; &#1575;&#1608; &#1575;&#1608;&#1576;&#1606; &#1605;&#1575;&#1604;&#1578;&#1610; &#1576;&#1608;&#1578; )" name="OpenBlackHole-5.0">wget https://dreambox4u.com/emilnabil237/images/openblackhole-5.0.sh -O - | /bin/sh</item>
		<item ask="Download Image OpenBlackHole-5.1 ?" icon="images.png" info="(&#1578;&#1581;&#1605;&#1610;&#1604; &#1575;&#1604;&#1589;&#1608;&#1585;&#1577; &#1575;&#1604;&#1610; &#1605;&#1580;&#1604;&#1583;&#1575;&#1578; &#1575;&#1604;&#1576;&#1604;&#1580;&#1606;&#1575;&#1578; &#1575;&#1604;&#1578;&#1575;&#1604;&#1610;&#1577; &#1575;&#1606; &#1608;&#1580;&#1583;&#1578; &#1601;&#1610; &#1575;&#1604;&#1605;&#1587;&#1575;&#1585; media/hdd &#1606;&#1610;&#1608;&#1610;&#1608;&#1578; &#1575;&#1608; &#1575;&#1610;&#1580;&#1575;&#1605;&#1610; &#1576;&#1608;&#1578; &#1575;&#1608; &#1575;&#1608;&#1576;&#1606; &#1605;&#1575;&#1604;&#1578;&#1610; &#1576;&#1608;&#1578; )" name="OpenBlackHole-5.1">wget https://dreambox4u.com/emilnabil237/images/openblackhole-5.1.sh -O - | /bin/sh</item>
		<item ask="Download Image OpenBlackHole-5.2 ?" icon="images.png" info="(&#1578;&#1581;&#1605;&#1610;&#1604; &#1575;&#1604;&#1589;&#1608;&#1585;&#1577; &#1575;&#1604;&#1610; &#1605;&#1580;&#1604;&#1583;&#1575;&#1578; &#1575;&#1604;&#1576;&#1604;&#1580;&#1606;&#1575;&#1578; &#1575;&#1604;&#1578;&#1575;&#1604;&#1610;&#1577; &#1575;&#1606; &#1608;&#1580;&#1583;&#1578; &#1601;&#1610; &#1575;&#1604;&#1605;&#1587;&#1575;&#1585; media/hdd &#1606;&#1610;&#1608;&#1610;&#1608;&#1578; &#1575;&#1608; &#1575;&#1610;&#1580;&#1575;&#1605;&#1610; &#1576;&#1608;&#1578; &#1575;&#1608; &#1575;&#1608;&#1576;&#1606; &#1605;&#1575;&#1604;&#1578;&#1610; &#1576;&#1608;&#1578; )" name="OpenBlackHole-5.2">wget https://dreambox4u.com/emilnabil237/images/openblackhole-5.2.sh -O - | /bin/sh</item>
		<item ask="Download Image OpenBlackHole-5.3 ?" icon="images.png" info="(&#1578;&#1581;&#1605;&#1610;&#1604; &#1575;&#1604;&#1589;&#1608;&#1585;&#1577; &#1575;&#1604;&#1610; &#1605;&#1580;&#1604;&#1583;&#1575;&#1578; &#1575;&#1604;&#1576;&#1604;&#1580;&#1606;&#1575;&#1578; &#1575;&#1604;&#1578;&#1575;&#1604;&#1610;&#1577; &#1575;&#1606; &#1608;&#1580;&#1583;&#1578; &#1601;&#1610; &#1575;&#1604;&#1605;&#1587;&#1575;&#1585; media/hdd &#1606;&#1610;&#1608;&#1610;&#1608;&#1578; &#1575;&#1608; &#1575;&#1610;&#1580;&#1575;&#1605;&#1610; &#1576;&#1608;&#1578; &#1575;&#1608; &#1575;&#1608;&#1576;&#1606; &#1605;&#1575;&#1604;&#1578;&#1610; &#1576;&#1608;&#1578; )" name="OpenBlackHole-5.3">wget https://dreambox4u.com/emilnabil237/images/openblackhole-5.3.sh -O - | /bin/sh</item>
		<item ask="Download Image OpenBlackHole-5.4 ?" icon="images.png" info="(&#1578;&#1581;&#1605;&#1610;&#1604; &#1575;&#1604;&#1589;&#1608;&#1585;&#1577; &#1575;&#1604;&#1610; &#1605;&#1580;&#1604;&#1583;&#1575;&#1578; &#1575;&#1604;&#1576;&#1604;&#1580;&#1606;&#1575;&#1578; &#1575;&#1604;&#1578;&#1575;&#1604;&#1610;&#1577; &#1575;&#1606; &#1608;&#1580;&#1583;&#1578; &#1601;&#1610; &#1575;&#1604;&#1605;&#1587;&#1575;&#1585; media/hdd &#1606;&#1610;&#1608;&#1610;&#1608;&#1578; &#1575;&#1608; &#1575;&#1610;&#1580;&#1575;&#1605;&#1610; &#1576;&#1608;&#1578; &#1575;&#1608; &#1575;&#1608;&#1576;&#1606; &#1605;&#1575;&#1604;&#1578;&#1610; &#1576;&#1608;&#1578; )" name="OpenBlackHole-5.4">wget https://dreambox4u.com/emilnabil237/images/openblackhole-5.4.sh -O - | /bin/sh</item>
		<item ask="Download Image OpenDroid-7.1 ?" icon="images.png" info="(&#1578;&#1581;&#1605;&#1610;&#1604; &#1575;&#1604;&#1589;&#1608;&#1585;&#1577; &#1575;&#1604;&#1610; &#1605;&#1580;&#1604;&#1583;&#1575;&#1578; &#1575;&#1604;&#1576;&#1604;&#1580;&#1606;&#1575;&#1578; &#1575;&#1604;&#1578;&#1575;&#1604;&#1610;&#1577; &#1575;&#1606; &#1608;&#1580;&#1583;&#1578; &#1601;&#1610; &#1575;&#1604;&#1605;&#1587;&#1575;&#1585; media/hdd &#1606;&#1610;&#1608;&#1610;&#1608;&#1578; &#1575;&#1608; &#1575;&#1610;&#1580;&#1575;&#1605;&#1610; &#1576;&#1608;&#1578; &#1575;&#1608; &#1575;&#1608;&#1576;&#1606; &#1605;&#1575;&#1604;&#1578;&#1610; &#1576;&#1608;&#1578; )" name="OpenDroid-7.1 For Vuplus Only">wget https://dreambox4u.com/emilnabil237/images/opendroid-7.1.sh -O - | /bin/sh</item>
		<item ask="Download Image OpenDroid-7.3 ?" icon="images.png" info="(&#1578;&#1581;&#1605;&#1610;&#1604; &#1575;&#1604;&#1589;&#1608;&#1585;&#1577; &#1575;&#1604;&#1610; &#1605;&#1580;&#1604;&#1583;&#1575;&#1578; &#1575;&#1604;&#1576;&#1604;&#1580;&#1606;&#1575;&#1578; &#1575;&#1604;&#1578;&#1575;&#1604;&#1610;&#1577; &#1575;&#1606; &#1608;&#1580;&#1583;&#1578; &#1601;&#1610; &#1575;&#1604;&#1605;&#1587;&#1575;&#1585; media/hdd &#1606;&#1610;&#1608;&#1610;&#1608;&#1578; &#1575;&#1608; &#1575;&#1610;&#1580;&#1575;&#1605;&#1610; &#1576;&#1608;&#1578; &#1575;&#1608; &#1575;&#1608;&#1576;&#1606; &#1605;&#1575;&#1604;&#1578;&#1610; &#1576;&#1608;&#1578; )" name="OpenDroid-7.3 For Vuplus  GigaBlue  Octagon Only">wget https://dreambox4u.com/emilnabil237/images/opendroid-7.3.sh -O - | /bin/sh</item>
		<item ask="Download Image Openpli-7.3 ?" icon="images.png" info="(&#1578;&#1581;&#1605;&#1610;&#1604; &#1575;&#1604;&#1589;&#1608;&#1585;&#1577; &#1575;&#1604;&#1610; &#1605;&#1580;&#1604;&#1583;&#1575;&#1578; &#1575;&#1604;&#1576;&#1604;&#1580;&#1606;&#1575;&#1578; &#1575;&#1604;&#1578;&#1575;&#1604;&#1610;&#1577; &#1575;&#1606; &#1608;&#1580;&#1583;&#1578; &#1601;&#1610; &#1575;&#1604;&#1605;&#1587;&#1575;&#1585; media/hdd &#1606;&#1610;&#1608;&#1610;&#1608;&#1578; &#1575;&#1608; &#1575;&#1610;&#1580;&#1575;&#1605;&#1610; &#1576;&#1608;&#1578; &#1575;&#1608; &#1575;&#1608;&#1576;&#1606; &#1605;&#1575;&#1604;&#1578;&#1610; &#1576;&#1608;&#1578; )" name="Openpli-7.3">wget https://dreambox4u.com/emilnabil237/images/openpli-7.3.sh  -O - | /bin/sh</item>
		<item ask="Download Image OpenPli-8.3 ?" icon="images.png" info="(&#1578;&#1581;&#1605;&#1610;&#1604; &#1575;&#1604;&#1589;&#1608;&#1585;&#1577; &#1575;&#1604;&#1610; &#1605;&#1580;&#1604;&#1583;&#1575;&#1578; &#1575;&#1604;&#1576;&#1604;&#1580;&#1606;&#1575;&#1578; &#1575;&#1604;&#1578;&#1575;&#1604;&#1610;&#1577; &#1575;&#1606; &#1608;&#1580;&#1583;&#1578; &#1601;&#1610; &#1575;&#1604;&#1605;&#1587;&#1575;&#1585; media/hdd &#1606;&#1610;&#1608;&#1610;&#1608;&#1578; &#1575;&#1608; &#1575;&#1610;&#1580;&#1575;&#1605;&#1610; &#1576;&#1608;&#1578; &#1575;&#1608; &#1575;&#1608;&#1576;&#1606; &#1605;&#1575;&#1604;&#1578;&#1610; &#1576;&#1608;&#1578; )" name="OpenPli-8.3">wget https://dreambox4u.com/emilnabil237/images/openpli-8.3.sh -O - | /bin/sh</item>
		<item ask="Download Image OpenPli-8.3-Time-Shift ?" icon="images.png" info="(&#1578;&#1581;&#1605;&#1610;&#1604; &#1575;&#1604;&#1589;&#1608;&#1585;&#1577; &#1575;&#1604;&#1610; &#1605;&#1580;&#1604;&#1583;&#1575;&#1578; &#1575;&#1604;&#1576;&#1604;&#1580;&#1606;&#1575;&#1578; &#1575;&#1604;&#1578;&#1575;&#1604;&#1610;&#1577; &#1575;&#1606; &#1608;&#1580;&#1583;&#1578; &#1601;&#1610; &#1575;&#1604;&#1605;&#1587;&#1575;&#1585; media/hdd &#1606;&#1610;&#1608;&#1610;&#1608;&#1578; &#1575;&#1608; &#1575;&#1610;&#1580;&#1575;&#1605;&#1610; &#1576;&#1608;&#1578; &#1575;&#1608; &#1575;&#1608;&#1576;&#1606; &#1605;&#1575;&#1604;&#1578;&#1610; &#1576;&#1608;&#1578; )" name="OpenPli-8.3-Time-Shift">wget https://dreambox4u.com/emilnabil237/images/openpli-8.3-py2-TimeShift.sh -O - | /bin/sh</item>
		<item ask="Download Image OpenPli-9.0-Time-Shift ?" icon="images.png" info="(&#1578;&#1581;&#1605;&#1610;&#1604; &#1575;&#1604;&#1589;&#1608;&#1585;&#1577; &#1575;&#1604;&#1610; &#1605;&#1580;&#1604;&#1583;&#1575;&#1578; &#1575;&#1604;&#1576;&#1604;&#1580;&#1606;&#1575;&#1578; &#1575;&#1604;&#1578;&#1575;&#1604;&#1610;&#1577; &#1575;&#1606; &#1608;&#1580;&#1583;&#1578; &#1601;&#1610; &#1575;&#1604;&#1605;&#1587;&#1575;&#1585; media/hdd &#1606;&#1610;&#1608;&#1610;&#1608;&#1578; &#1575;&#1608; &#1575;&#1610;&#1580;&#1575;&#1605;&#1610; &#1576;&#1608;&#1578; &#1575;&#1608; &#1575;&#1608;&#1576;&#1606; &#1605;&#1575;&#1604;&#1578;&#1610; &#1576;&#1608;&#1578; )" name="OpenPli-9.0-Time-Shift">wget https://dreambox4u.com/emilnabil237/images/openpli-9.0-py3-TimeShift.sh -O - | /bin/sh</item>
		<item ask="Download Image OpenPli-9.0 ?" icon="images.png" info="(&#1578;&#1581;&#1605;&#1610;&#1604; &#1575;&#1604;&#1589;&#1608;&#1585;&#1577; &#1575;&#1604;&#1610; &#1605;&#1580;&#1604;&#1583;&#1575;&#1578; &#1575;&#1604;&#1576;&#1604;&#1580;&#1606;&#1575;&#1578; &#1575;&#1604;&#1578;&#1575;&#1604;&#1610;&#1577; &#1575;&#1606; &#1608;&#1580;&#1583;&#1578; &#1601;&#1610; &#1575;&#1604;&#1605;&#1587;&#1575;&#1585; media/hdd &#1606;&#1610;&#1608;&#1610;&#1608;&#1578; &#1575;&#1608; &#1575;&#1610;&#1580;&#1575;&#1605;&#1610; &#1576;&#1608;&#1578; &#1575;&#1608; &#1575;&#1608;&#1576;&#1606; &#1605;&#1575;&#1604;&#1578;&#1610; &#1576;&#1608;&#1578; )" name="OpenPli-9.0">wget https://dreambox4u.com/emilnabil237/images/openpli-9.0.sh -O - | /bin/sh</item>
		<item ask="Download OpenPli develop ?" icon="images.png" info="(&#1578;&#1581;&#1605;&#1610;&#1604; &#1575;&#1604;&#1589;&#1608;&#1585;&#1577; &#1575;&#1604;&#1610; &#1605;&#1580;&#1604;&#1583;&#1575;&#1578; &#1575;&#1604;&#1576;&#1604;&#1580;&#1606;&#1575;&#1578; &#1575;&#1604;&#1578;&#1575;&#1604;&#1610;&#1577; &#1575;&#1606; &#1608;&#1580;&#1583;&#1578; &#1601;&#1610; &#1575;&#1604;&#1605;&#1587;&#1575;&#1585; media/hdd &#1606;&#1610;&#1608;&#1610;&#1608;&#1578; &#1575;&#1608; &#1575;&#1610;&#1580;&#1575;&#1605;&#1610; &#1576;&#1608;&#1578; &#1575;&#1608; &#1575;&#1608;&#1576;&#1606; &#1605;&#1575;&#1604;&#1578;&#1610; &#1576;&#1608;&#1578; )" name="OpenPli-develop">wget https://dreambox4u.com/emilnabil237/images/openpli-develop.sh -O - | /bin/sh</item>
		<item ask="Download Openvix-6.4.011 ?" icon="images.png" info="(&#1578;&#1581;&#1605;&#1610;&#1604; &#1575;&#1604;&#1589;&#1608;&#1585;&#1577; &#1575;&#1604;&#1610; &#1605;&#1580;&#1604;&#1583;&#1575;&#1578; &#1575;&#1604;&#1576;&#1604;&#1580;&#1606;&#1575;&#1578; &#1575;&#1604;&#1578;&#1575;&#1604;&#1610;&#1577; &#1575;&#1606; &#1608;&#1580;&#1583;&#1578; &#1601;&#1610; &#1575;&#1604;&#1605;&#1587;&#1575;&#1585; media/hdd &#1606;&#1610;&#1608;&#1610;&#1608;&#1578; &#1575;&#1608; &#1575;&#1610;&#1580;&#1575;&#1605;&#1610; &#1576;&#1608;&#1578; &#1575;&#1608; &#1575;&#1608;&#1576;&#1606; &#1605;&#1575;&#1604;&#1578;&#1610; &#1576;&#1608;&#1578; )" name="Openvix-6.4.011">wget https://dreambox4u.com/emilnabil237/images/openvix-6.4.011.sh -O - | /bin/sh</item>
		<item ask="Download Openvix-6.5.001 ?" icon="images.png" info="(&#1578;&#1581;&#1605;&#1610;&#1604; &#1575;&#1604;&#1589;&#1608;&#1585;&#1577; &#1575;&#1604;&#1610; &#1605;&#1580;&#1604;&#1583;&#1575;&#1578; &#1575;&#1604;&#1576;&#1604;&#1580;&#1606;&#1575;&#1578; &#1575;&#1604;&#1578;&#1575;&#1604;&#1610;&#1577; &#1575;&#1606; &#1608;&#1580;&#1583;&#1578; &#1601;&#1610; &#1575;&#1604;&#1605;&#1587;&#1575;&#1585; media/hdd &#1606;&#1610;&#1608;&#1610;&#1608;&#1578; &#1575;&#1608; &#1575;&#1610;&#1580;&#1575;&#1605;&#1610; &#1576;&#1608;&#1578; &#1575;&#1608; &#1575;&#1608;&#1576;&#1606; &#1605;&#1575;&#1604;&#1578;&#1610; &#1576;&#1608;&#1578; )" name="Openvix-6.5.001">wget https://dreambox4u.com/emilnabil237/images/openvix-6.5.001.sh -O - | /bin/sh</item>
		<item ask="Download OpenVision-py2-10.3-r395 ?" icon="images.png" info="(&#1578;&#1581;&#1605;&#1610;&#1604; &#1575;&#1604;&#1589;&#1608;&#1585;&#1577; &#1575;&#1604;&#1610; &#1605;&#1580;&#1604;&#1583;&#1575;&#1578; &#1575;&#1604;&#1576;&#1604;&#1580;&#1606;&#1575;&#1578; &#1575;&#1604;&#1578;&#1575;&#1604;&#1610;&#1577; &#1575;&#1606; &#1608;&#1580;&#1583;&#1578; &#1601;&#1610; &#1575;&#1604;&#1605;&#1587;&#1575;&#1585; media/hdd &#1606;&#1610;&#1608;&#1610;&#1608;&#1578; &#1575;&#1608; &#1575;&#1610;&#1580;&#1575;&#1605;&#1610; &#1576;&#1608;&#1578; &#1575;&#1608; &#1575;&#1608;&#1576;&#1606; &#1605;&#1575;&#1604;&#1578;&#1610; &#1576;&#1608;&#1578; )" name="OpenVision-py2-10.3-r395">wget https://dreambox4u.com/emilnabil237/images/openvision/OpenVision-py2-10.3-r395.sh -O - | /bin/sh</item>
		<item ask="Download Image VTI-15.0.02 ?" icon="images.png" info="(&#1578;&#1581;&#1605;&#1610;&#1604; &#1575;&#1604;&#1589;&#1608;&#1585;&#1577; &#1575;&#1604;&#1610; &#1605;&#1580;&#1604;&#1583;&#1575;&#1578; &#1575;&#1604;&#1576;&#1604;&#1580;&#1606;&#1575;&#1578; &#1575;&#1604;&#1578;&#1575;&#1604;&#1610;&#1577; &#1575;&#1606; &#1608;&#1580;&#1583;&#1578; &#1601;&#1610; &#1575;&#1604;&#1605;&#1587;&#1575;&#1585; media/hdd &#1606;&#1610;&#1608;&#1610;&#1608;&#1578; &#1575;&#1608; &#1575;&#1610;&#1580;&#1575;&#1605;&#1610; &#1576;&#1608;&#1578; &#1575;&#1608; &#1575;&#1608;&#1576;&#1606; &#1605;&#1575;&#1604;&#1578;&#1610; &#1576;&#1608;&#1578; )" name="Vti-15.0.02">wget https://dreambox4u.com/emilnabil237/images/vti-15.0.02.sh -O - | /bin/sh</item>
	</submenu>

	<submenu font_size="30" height="950" icon="backup.png" mode="grid" num_bg="#000000" num_fg="#FCFCFC" shade="yes" title="Backup and Restore Settings Menu" title1_bg="#000000" title1_fg="#FFFF00" title2_bg="#000000" title2_fg="#FCFCFC" title_bg="#11332233" width="1600">
		<submenu font_size="30" height="950" icon="backup.png" mode="grid" num_bg="#000000" num_fg="#FCFCFC" shade="yes" title="Backup Settings Menu" title1_bg="#000000" title1_fg="#FFFF00" title2_bg="#000000" title2_fg="#FCFCFC" title_bg="#11332233" width="1600">
			<item ask="fullbackup-Image-vu+4k ?" icon="backup.png" info="&#1576;&#1575;&#1603;&#1571;&#1576; &#1603;&#1575;&#1605;&#1604; &#1604;&#1604;&#1589;&#1608;&#1585;&#1577; &#1575;&#1604;&#1581;&#1575;&#1604;&#1610;&#1577; &#1575;&#1604;&#1605;&#1587;&#1578;&#1582;&#1583;&#1605;&#1577;" name="fullbackup-Image-vu+4k">wget https://raw.githubusercontent.com/emilnabil/fullbackup/main/fullbackup-vu4k-encrypt.sh -O - | /bin/sh</item>
			<item ask="Backup My Channels ?" icon="backup.png" name="Backup My Channels">wget http://dreambox4u.com/emilnabil237/script/Create-My-backup-shannels.sh -O - | /bin/sh</item>
			<item icon="backup.png" name="Backup My bouquetmakerxtream lists">cp -f /etc/enigma2/bouquetmakerxtream/playlists.txt /media/hdd/AJPanel_Backup/playlists.txt</item>
			<item icon="backup.png" name="Backup My Multistalker Pro json">cp -f /etc/enigma2/MultiStalkerPro.json /media/hdd/AJPanel_Backup/MultiStalkerPro.json</item>
			<item icon="backup.png" name="Backup My jediplay lists">cp -f /etc/enigma2/jediplaylists/playlists.txt /media/hdd/AJPanel_Backup/playlists.txt</item>
			<item icon="backup.png" name="Backup My Xstreamity Servers">cp -f /etc/enigma2/xstreamity/playlists.txt /media/hdd/AJPanel_Backup/playlists.txt</item>
			<item icon="backup.png" name="Backup Sitting xtraEvent">WORD='xtraEvent'; BACKUP='/hdd/xtraEvent_Backup/settings_backup_xtraEvent'; grep $WORD '/etc/enigma2/settings' &gt; $BACKUP</item>
			<item icon="backup.png" name="Backup My ip2sat Server">cp -f /etc/enigma2/iptosat.conf /media/hdd/AJPanel_Backup/iptosat.conf ; cp -f /etc/enigma2/iptosat.json /media/hdd/AJPanel_Backup/iptosat.json</item>
			<item icon="backup.png" name="Backup My ipaudio Server">cp -f /etc/enigma2/ipaudio.json /media/hdd/AJPanel_Backup/ipaudio.json</item>
			<item icon="backup.png" name="Backup My ipaudio Pro Server">cp -f /etc/enigma2/IPAudioPro.json /media/hdd/AJPanel_Backup/IPAudioPro.json</item>
			<item icon="backup.png" name="Weather Msn">WORD='weathermsn'; BACKUP='/media/hdd/AJPanel_Backup/settings_backup_weathermsn'; grep $WORD '/etc/enigma2/settings' &gt; $BACKUP</item>
			<item icon="backup.png" name="WeatherPlugin">WORD='WeatherPlugin'; BACKUP='/hdd/AJPanel_Backup/settings_backup_WeatherPlugin'; grep $WORD '/etc/enigma2/settings' &gt; $BACKUP</item>
			<item icon="backup.png" name="VisualWeather">WORD='VisualWeather'; BACKUP='/media/hdd/AJPanel_Backup/settings_backup_VisualWeather'; grep $WORD '/etc/enigma2/settings' &gt; $BACKUP</item>
			<item icon="backup.png" name="OA-Weather">WORD='OAW'; BACKUP='/media/hdd/AJPanel_Backup/settings_backup_OAWeather'; grep $WORD '/etc/enigma2/settings' &gt; $BACKUP</item>
			<item icon="backup.png" name="Accu Weather">WORD='accuweather'; BACKUP='/media/hdd/AJPanel_Backup/settings_backup_AccuWeather'; grep $WORD '/etc/enigma2/settings' &gt; $BACKUP</item>
			<item icon="backup.png" name="BlueMetal">WORD='blue'; BACKUP='/media/hdd/AJPanel_Backup/settings_backup_blueMetal_skin'; grep $WORD '/etc/enigma2/settings' &gt; $BACKUP</item>
			<item icon="backup.png" name="Subtitles Support">WORD='subtitles'; BACKUP='/media/hdd/AJPanel_Backup/settings_backup_subtitlesSupport'; grep $WORD '/etc/enigma2/settings' &gt; $BACKUP</item>
			<item icon="backup.png" name="Movie Browser">WORD='moviebrowser'; BACKUP='/media/hdd/AJPanel_Backup/settings_backup_moviebrowser'; grep $WORD '/etc/enigma2/settings' &gt; $BACKUP</item>
			<item icon="backup.png" name="Time Zone">WORD='timezone'; BACKUP='/media/hdd/AJPanel_Backup/settings_backup_timezone'; grep $WORD '/etc/enigma2/settings' &gt; $BACKUP</item>
		</submenu>

		<submenu font_size="30" height="950" icon="backup.png" mode="grid" num_bg="#000000" num_fg="#FCFCFC" shade="yes" title="Restore Settings Menu" title1_bg="#000000" title1_fg="#FFFF00" title2_bg="#000000" title2_fg="#FCFCFC" title_bg="#11332233" width="1600">
			<item ask="Restore My Channels ?" icon="backup.png" name="Restore My Channels">wget http://dreambox4u.com/emilnabil237/script/Restore-My-backup-shannels.sh -O - | /bin/sh</item>
			<item icon="backup.png" name="Restore My bouquetmakerxtream lists">cp -f /media/hdd/AJPanel_Backup/playlists.txt /etc/enigma2/bouquetmakerxtream/playlists.txt</item>
			<item icon="backup.png" name="Restore My ip2sat Server">cp -f /media/hdd/AJPanel_Backup/iptosat.conf /etc/enigma2/iptosat.conf ; cp -f /hdd/AJPanel_Backup/iptosat.json /etc/enigma2/iptosat.json</item>
			<item icon="backup.png" name="Restore My ipaudio Server">cp -f /media/hdd/AJPanel_Backup/ipaudio.json /etc/enigma2/ipaudio.json</item>
			<item icon="backup.png" name="Restore My ipaudio Pro Server">cp -f /media/hdd/AJPanel_Backup/IPAudioPro.json /etc/enigma2/IPAudioPro.json</item>
			<item icon="backup.png" name="Restore My jediplay lists">cp -f /media/hdd/AJPanel_Backup/playlists.txt /etc/enigma2/jediplaylists/playlists.txt</item>
			<item icon="backup.png" name="Restore My Xstreamity Servers">cp -f /media/hdd/AJPanel_Backup/playlists.txt /etc/enigma2/xstreamity/playlists.txt</item>
			<item icon="backup.png" name="Restore My Multistalker Pro json">cp -f /media/hdd/AJPanel_Backup/MultiStalkerPro.json /etc/enigma2/MultiStalkerPro.json</item>
			<item icon="backup.png" name="Restore My Sittings xtraEvent ">WORD='xtraEvent'; BACKUP='/hdd/Plugin_Backup/settings_backup_xtraEvent'; SETF='/etc/enigma2/settings'; TF='/tmp/tmpFile'; grep -v $WORD $SETF &gt; $TF &amp;&amp; cat $BACKUP &gt;&gt; $TF &amp;&amp; init 4 &amp;&amp; sleep 3 &amp;&amp; mv -f $TF $SETF &amp;&amp; init 3</item>
			<item icon="backup.png" name="Restore Weather Msn">WORD='weathermsn'; BACKUP='/media/hdd/AJPanel_Backup/settings_backup_weathermsn'; SETF='/etc/enigma2/settings'; TF='/tmp/tmpFile'; grep -v $WORD $SETF &gt; $TF &amp;&amp; cat $BACKUP &gt;&gt; $TF &amp;&amp; init 4 &amp;&amp; sleep 3 &amp;&amp; mv -f $TF $SETF &amp;&amp; init 3</item>
			<item icon="backup.png" name="WeatherPlugin">WORD='WeatherPlugin'; BACKUP='/media/hdd/AJPanel_Backup/settings_backup_WeatherPlugin'; SETF='/etc/enigma2/settings'; TF='/tmp/tmpFile'; grep -v $WORD $SETF &gt; $TF &amp;&amp; cat $BACKUP &gt;&gt; $TF &amp;&amp; init 4 &amp;&amp; sleep 3 &amp;&amp; mv -f $TF $SETF &amp;&amp; init 3</item>
			<item icon="backup.png" name="VisualWeather">WORD='VisualWeather'; BACKUP='/media/hdd/AJPanel_Backup/settings_backup_VisualWeather'; SETF='/etc/enigma2/settings'; TF='/tmp/tmpFile'; grep -v $WORD $SETF &gt; $TF &amp;&amp; cat $BACKUP &gt;&gt; $TF &amp;&amp; init 4 &amp;&amp; sleep 3 &amp;&amp; mv -f $TF $SETF &amp;&amp; init 3</item>
			<item icon="backup.png" name="OA-Weather">WORD='OAW'; BACKUP='/media/hdd/AJPanel_Backup/settings_OAWeather'; SETF='/etc/enigma2/settings'; TF='/tmp/tmpFile'; grep -v $WORD $SETF &gt; $TF &amp;&amp; cat $BACKUP &gt;&gt; $TF &amp;&amp; init 4 &amp;&amp; sleep 3 &amp;&amp; mv -f $TF $SETF &amp;&amp; init 3</item>
			<item icon="backup.png" name="Accu Weather">WORD='accuweather'; BACKUP='/media/hdd/AJPanel_Backup/settings_backup_AccuWeather'; SETF='/etc/enigma2/settings'; TF='/tmp/tmpFile'; grep -v $WORD $SETF &gt; $TF &amp;&amp; cat $BACKUP &gt;&gt; $TF &amp;&amp; init 4 &amp;&amp; sleep 3 &amp;&amp; mv -f $TF $SETF &amp;&amp; init 3</item>
			<item icon="backup.png" name="BlueMetal">WORD='blue'; BACKUP='/media/hdd/AJPanel_Backup/settings_backup_blueMetal_skin'; SETF='/etc/enigma2/settings'; TF='/tmp/tmpFile'; grep -v $WORD $SETF &gt; $TF &amp;&amp; cat $BACKUP &gt;&gt; $TF &amp;&amp; init 4 &amp;&amp; sleep 3 &amp;&amp; mv -f $TF $SETF &amp;&amp; init 3</item>
			<item icon="backup.png" name="Subtitles Support">WORD='subtitles'; BACKUP='/media/hdd/AJPanel_Backup/settings_backup_subtitlesSupport'; SETF='/etc/enigma2/settings'; TF='/tmp/tmpFile'; grep -v $WORD $SETF &gt; $TF &amp;&amp; cat $BACKUP &gt;&gt; $TF &amp;&amp; init 4 &amp;&amp; sleep 3 &amp;&amp; mv -f $TF $SETF &amp;&amp; init 3</item>
			<item icon="backup.png" name="Time Zone">WORD='timezone'; BACKUP='/media/hdd/AJPanel_Backup/settings_backup_timezone'; SETF='/etc/enigma2/settings'; TF='/tmp/tmpFile'; grep -v $WORD $SETF &gt; $TF &amp;&amp; cat $BACKUP &gt;&gt; $TF &amp;&amp; init 4 &amp;&amp; sleep 3 &amp;&amp; mv -f $TF $SETF &amp;&amp; init 3</item>
		</submenu>
	</submenu>

	<submenu font_size="30" height="950" icon="upgrade.png" info="&#1578;&#1581;&#1583;&#1610;&#1579; &#1607;&#1584;&#1575; &#1575;&#1604;&#1576;&#1575;&#1606;&#1604; &#1576;&#1575;&#1581;&#1583;&#1579; &#1575;&#1604;&#1575;&#1590;&#1575;&#1601;&#1575;&#1578;" mode="grid_3x2" num_bg="#000000" num_fg="#FCFCFC" shade="yes" title="Upgrade Panel Emil" title1_bg="#000000" title1_fg="#FFFF00" title2_bg="#000000" title2_fg="#FCFCFC" title_bg="#11332233" width="1600">
		<item ask="Upgrade This Panel" icon="upgrade.png" info="&#1578;&#1581;&#1583;&#1610;&#1579; &#1607;&#1584;&#1575; &#1575;&#1604;&#1576;&#1575;&#1606;&#1604; &#1576;&#1575;&#1581;&#1583;&#1579; &#1575;&#1604;&#1575;&#1590;&#1575;&#1601;&#1575;&#1578;" name="Upgrade Panel Emil">wget https://raw.githubusercontent.com/emil237/ajpanel/main/update-panel-emil-only.sh  -O - | /bin/sh</item>
	</submenu>

	<submenu font_size="30" height="950" icon="remove.png" mode="grid" num_bg="#000000" num_fg="#FCFCFC" shade="yes" title="Remove" title1_bg="#000000" title1_fg="#FFFF00" title2_bg="#000000" title2_fg="#FCFCFC" title_bg="#11332233" width="1600">
		<item ask="Remove AlternativeSoftcamManager" icon="remove.png" name="AlternativeSoftcamManager">wget https://dreambox4u.com/emilnabil237/script/remove/DEL-plugin-alternativesoftcammanager.sh -O - | /bin/sh</item>
		<item ask="Remove Channels" icon="remove.png" info="Remove All Channels" name="Channels">wget https://dreambox4u.com/emilnabil237/script/remove/DEL-channels.sh  -O - | /bin/sh</item>
		<item ask="yes" icon="remove.png" name="Crashlogs">wget https://dreambox4u.com/emilnabil237/script/remove/DEL_all_Crashlogs.sh  -O - | /bin/sh</item>
		<item ask="yes" icon="remove.png" name="Jedimaker-playlists">rm -f /etc/enigma2/jediplaylists/playlists.txt</item>
		<item ask="yes" icon="remove.png" name="Xstreamity-playlists">rm -f /etc/enigma2/xstreamity/playlists.txt</item>
		<item ask="yes" icon="remove.png" name="Cccamfinder">wget https://dreambox4u.com/emilnabil237/script/remove/DEL-CCcamFinder.sh  -O - | /bin/sh</item>
		<item ask="yes" icon="remove.png" name="Emu-All">wget https://dreambox4u.com/emilnabil237/script/remove/DEL-emus.sh  -O - | /bin/sh</item>
		<item ask="yes" icon="remove.png" name="Emu-Ncam">opkg remove enigma2-plugin-softcams-ncam*</item>
		<item ask="yes" icon="remove.png" name="Emu-Oscam">opkg remove enigma2-plugin-softcams-oscam*</item>
		<item ask="yes" icon="remove.png" name="Emu-Config-Files">wget https://dreambox4u.com/emilnabil237/script/remove/DEL-emus-config-files.sh  -O - | /bin/sh</item>
		<item ask="yes" icon="remove.png" name="E2iplayer">wget https://dreambox4u.com/emilnabil237/script/remove/DEL-e2iplayer.sh  -O - | /bin/sh</item>
		<item ask="Remove FreeServer-Plugin" icon="remove.png" name="FreeServer-Plugin">wget https://dreambox4u.com/emilnabil237/script/remove/DEL-FreeServer.sh -O - | /bin/sh</item>
		<item ask="yes" icon="remove.png" name="Mediaplayer2">wget https://dreambox4u.com/emilnabil237/script/remove/DEL-mediaplayer2.sh -O - | /bin/sh</item>
		<item ask="remove all neoboot" icon="remove.png" info="Remove all Neoboot" name="Neoboot">wget https://dreambox4u.com/emilnabil237/script/DELETE_plugin-neoboot.sh -O - | /bin/sh</item>
		<item ask="Remove NetSpeedTest" icon="remove.png" name="NetSpeedTest">wget https://dreambox4u.com/emilnabil237/script/remove/DEL-NetSpeedTest.sh -O - | /bin/sh</item>
		<item ask="Remove OscamFinder" icon="remove.png" name="OscamFinder">wget https://dreambox4u.com/emilnabil237/script/remove/DEL-OscamFinder.sh -O - | /bin/sh</item>
		<item ask="Remove levi45-AddonsManager" icon="remove.png" name="levi45-AddonsManager">wget https://dreambox4u.com/emilnabil237/script/remove/DEL-plugin-levi45-addonsmanager.sh -O - | /bin/sh</item>
		<item ask="Remove M3u-Converter" icon="remove.png" name="M3u-Converter">wget https://dreambox4u.com/emilnabil237/script/remove/DEL-plugin-m3u-converter.sh -O - | /bin/sh</item>
		<item ask="Remove SatVenusPANEL" icon="remove.png" name="SatVenusPANEL">wget https://dreambox4u.com/emilnabil237/script/remove/DEL-plugin-SatVenusPANEL.sh -O - | /bin/sh</item>
		<item ask="Remove SoftCam_Manager" icon="remove.png" name="SoftCam_Manager">wget https://dreambox4u.com/emilnabil237/script/remove/DEL-SoftCam_Manager.sh  -O - | /bin/sh</item>
		<item ask="Remove SubsSupport" icon="remove.png" name="SubsSupport">wget https://dreambox4u.com/emilnabil237/script/remove/DEL-subssupport.sh  -O - | /bin/sh</item>
		<item ask="Remove Tuner Settings ?" icon="remove.png" name="Tuner-Settings">init 4 
sleep 1; 
sed -i '/config.Nims.0/d' /etc/enigma2/settings
init 3</item>
		<item ask="Remove Tvpanel" icon="remove.png" name="Tvpanel">wget https://dreambox4u.com/emilnabil237/script/remove/DEL-plugin-tvpanel.sh  -O - | /bin/sh</item>
		<item ask="Remove XCplugin" icon="remove.png" name="XCplugin">wget https://dreambox4u.com/emilnabil237/script/remove/DEL-Plugin-XCplugin.sh  -O - | /bin/sh</item>
		<item ask="Remove Xstreamity Plugin" icon="remove.png" name="Xstreamity-Plugin">wget https://dreambox4u.com/emilnabil237/script/remove/DEL-plugin-xstreamity.sh  -O - | /bin/sh</item>
		<item ask="Remove Youtube" icon="remove.png" name="Youtube">wget https://dreambox4u.com/emilnabil237/script/remove/DEL-plugin-youtube.sh  -O - | /bin/sh</item>
	</submenu>
</ajp_menu>